die_id,original_table_no,die_planning_phase_steps,arrival_at,vn_production_dimensional_inspection_at,vn_qa_dimensional_inspection_at,submit_dimensional_inspection_to_japan_at,jp_dimensional_inspection_at,jp_dimensional_inspection_document_number,anodizing_quality_check_required_flag,anodizing_quality_check_at,mass_production_trial_at,die_handover_at,mass_production_start_at,production_site_change_notice,dimensional_inspection_by,BCP,die_transfer_ready_flag,memo
5,1,1,20/01/01,21/05/21,21/05/21,21/06/30,21/06/23,,,,21/06/17,21/06/30,21/07/01,vol.001,,,,
38,2,1,20/01/01,21/06/18,21/06/28,21/06/30,21/08/05,,,,21/07/21,21/09/25,21/10/01,vol.002,,,,
13,3,1,20/01/01,21/05/21,21/05/21,21/06/30,21/06/23,,,,21/06/15,21/06/30,21/07/01,vol.001,,,,
12,4,1,20/01/01,21/05/21,21/05/21,21/06/30,21/06/23,,,,21/06/15,21/06/30,21/07/01,vol.001,,,,
14,5,1,20/01/01,21/05/21,21/05/21,21/06/30,21/06/23,,,,21/06/17,21/06/30,21/07/01,vol.001,,,,
40,6,1,20/01/01,21/06/15,21/06/15,21/07/31,21/06/28,,,,21/07/19,21/10/28,21/08/01,vol.001,,,,
41,7,1,20/01/01,21/12/04,21/12/17,21/07/31,22/01/20,,,,22/01/20,22/01/25,22/02/01,vol.005,,,,
36,8,1,20/01/01,21/08/28,21/09/09,21/07/31,21/10/01,,,,21/10/18,21/10/28,22/11/01,vol.003,,,,
25,9,1,20/01/01,21/09/03,21/09/09,21/07/31,21/10/01,,,,21/09/07,21/10/28,22/11/01,vol.003,,,,
26,10,1,20/01/01,21/06/09,21/06/29,21/07/31,21/08/05,,,,21/09/03,21/09/25,22/11/01,vol.003,,,,
44,11,1,20/01/01,21/06/15,21/06/15,21/08/31,21/06/28,,,,21/08/12,21/09/25,22/11/01,vol.002,,,,
16,12,1,20/01/01,21/08/24,21/09/09,21/08/31,21/10/01,,,,21/09/21,21/10/28,22/11/01,vol.003,,,,
42,13,1,20/01/01,21/06/14,21/06/14,21/08/31,21/07/30,,,,21/07/16,22/05/10,22/11/01,vol.002,,,,
43,14,1,20/01/01,21/06/15,21/06/15,21/08/31,21/06/28,,,,21/07/01,21/08/02,22/11/01,vol.001,,,,
37,15,1,20/01/01,21/12/04,21/12/17,21/08/31,22/02/04,,,,22/03/18,22/05/12,22/11/01,vol.013,,,,
39,16,1,20/01/01,21/06/14,21/06/14,21/09/30,21/07/30,,,,21/07/16,22/05/10,22/11/01,vol.002,,,,
20,17,1,20/01/01,21/06/15,21/06/15,21/09/30,21/06/28,,,,21/06/29,21/08/02,22/11/01,vol.001,,,,
2,18,1,20/01/01,21/08/21,21/09/09,21/10/31,21/10/01,,,,21/10/14,21/10/22,22/11/01,vol.003,,,,
3,19,1,20/01/01,21/08/21,21/09/09,21/10/31,21/10/01,,,,21/10/14,21/10/22,22/11/01,vol.003,,,,
4,20,1,20/01/01,21/08/31,21/09/09,21/10/31,21/10/01,,,,22/03/10,21/10/22,22/04/01,vol.007,,,,
49,21,1,20/01/01,21/09/10,21/10/12,21/10/31,21/10/29,,,,22/01/19,21/11/24,22/02/01,vol.005,,,,V02Dで開始
15,22,1,20/01/01,21/09/03,21/09/09,21/11/30,21/10/01,,,,21/11/17,21/11/24,22/12/01,vol.004,,,,
7,23,1,20/01/01,21/08/10,21/08/14,21/11/30,21/08/31,,,,21/11/17,21/11/24,22/12/01,vol.004,,,,
8,24,1,20/01/01,21/09/23,21/10/12,21/11/30,21/10/25,,,,21/11/17,21/11/24,22/12/01,vol.004,,,,
27,25,1,20/01/01,21/07/01,21/07/21,21/11/30,21/08/05,,,,21/08/24,21/09/25,21/10/01,vol.002,,,,
28,26,1,20/01/01,21/06/11,21/06/28,21/11/30,21/08/05,,,,21/07/20,22/05/10,21/10/01,vol.002,,,,
45,27,1,20/01/01,21/06/08,21/06/21,21/08/31,21/07/20,,,,21/07/27,21/08/11,21/09/01,vol.002,,,,
46,28,1,20/01/01,21/06/07,21/06/21,21/08/31,21/07/20,,,,21/07/30,21/08/11,21/09/01,vol.002,,,,
35,29,1,20/01/01,21/09/10,21/10/12,21/12/31,21/11/24,,,,22/03/03,22/01/06,22/03/01,vol.006,,,,3/3量産テスト（2/28修理後OK）
17,30,1,20/01/01,21/09/10,21/10/12,21/12/31,21/11/24,,,,21/12/13,21/12/20,22/01/01,vol.005,,,,
18,31,1,20/01/01,21/10/16,21/10/21,21/12/31,21/11/25,,,,21/12/13,21/12/28,22/01/01,vol.005,,,,
19,32,1,20/01/01,21/09/14,21/10/12,21/12/31,21/11/24,,,,22/01/17,22/01/06,22/01/01,vol.005,,,,
6,33,1,20/01/01,21/09/09,21/10/12,21/12/31,21/11/12,,,,21/12/13,21/12/20,22/01/01,vol.005,,,,
9,34,1,20/01/01,21/10/16,21/10/21,21/12/31,21/11/25,,,,21/12/13,21/12/20,22/01/01,vol.005,,,,
10,35,1,20/01/01,21/09/09,21/10/12,21/12/31,21/11/12,,,,22/01/04,22/01/06,22/01/01,vol.005,,,,1/10初回量産
11,36,1,20/01/01,22/06/15,22/07/21,21/12/31,22/08/05,,,,,23/01/03,22/08/01,vol.013,,,,V02で開始
24,37,1,20/01/01,21/06/25,21/06/29,21/09/30,21/07/30,,,,21/08/03,21/09/25,21/10/01,vol.002,,,,
21,38,1,20/01/01,21/06/25,21/06/29,21/09/30,21/07/30,,,,21/07/06,21/09/25,21/10/01,vol.002,,,,
22,39,1,20/01/01,21/08/10,21/08/14,21/09/30,21/09/02,,,,21/11/17,21/11/24,21/10/01,vol.004,,,,
23,40,1,20/01/01,21/08/10,21/08/14,21/09/30,21/09/02,,,,21/11/17,21/11/24,21/10/01,vol.004,,,,
29,41,1,20/01/01,21/07/05,21/07/21,21/09/30,21/08/06,,,,21/08/20,22/05/10,21/09/01,vol.001,,,,
30,42,1,20/01/01,21/07/09,21/07/21,21/09/30,21/08/17,,,,21/08/20,22/05/10,21/09/01,vol.001,,,,
31,43,1,20/01/01,21/06/15,21/06/15,21/10/31,21/06/28,,,,21/07/01,22/05/10,21/09/01,vol.001,,,,
32,44,1,20/01/01,21/07/05,21/07/21,21/10/31,21/08/06,,,,21/08/13,22/05/10,21/09/01,vol.001,,,,
33,45,1,20/01/01,21/07/10,21/07/21,21/10/31,21/08/06,,,,21/08/13,22/05/10,21/09/01,vol.001,,,,
34,46,1,20/01/01,21/06/15,21/06/15,21/10/31,21/06/28,,,,21/07/01,22/05/10,21/09/01,vol.001,,,,
47,47,1,20/01/01,22/01/15,22/01/26,21/11/30,22/03/07,,,,,,,,,,,27/10: re-test
48,48,1,20/01/01,22/01/18,22/01/26,21/11/30,22/03/07,,,,22/03/08,,22/04/01,vol.008,,,,V02で開始
65,49,2,21/10/01,21/11/09,21/11/23,21/11/30,22/02/14,,,,22/05/30,22/04/05,22/07/01,vol.007,,TRUE,,4/4加工条件指示書承認
74,50,2,21/12/07,22/01/05,22/01/26,22/01/30,22/03/07,,,,22/05/13,22/04/05,22/07/01,vol.007,,TRUE,,4/4加工条件指示書承認
66,51,2,21/10/01,21/11/09,21/11/23,21/11/30,22/02/14,,,,22/03/11,22/04/04,22/07/01,vol.007,,TRUE,,3/29加工条件指示書承認
75,52,2,21/11/17,22/01/15,22/01/26,21/11/30,22/03/11,,,,22/03/22,22/04/04,22/07/01,vol.007,,TRUE,,3/29加工条件指示書承認
76,53,2,21/11/04,21/11/13,21/11/23,21/11/30,21/12/27,,,,22/02/15,22/02/22,22/03/01,vol.006,,TRUE,,11/4/2023: V01C => V01D ダイスのみ
417,54,,23/04/01,,,,,,,,,,,,,,,
77,55,2,21/11/04,21/11/13,21/11/23,21/11/30,21/12/27,,,,22/02/15,22/03/08,22/03/01,vol.006,,TRUE,,11/4/2023: V01C => V01D ダイスのみ
486,56,,23/03/20,,,,,,,,,,,,,,,
78,57,2,21/11/04,21/11/13,21/11/23,21/11/30,21/12/27,,,,22/02/16,22/03/08,22/03/01,vol.006,,TRUE,,11/4/2023: V01C => V01D ダイスのみ
485,58,,23/03/20,,,,,,,,,,,,,,,
79,59,2,21/11/04,21/11/13,21/11/23,21/11/30,21/12/27,,,,22/02/14,22/02/22,22/03/01,vol.006,,TRUE,,11/4/2023: V01C => V01D ダイスのみ
484,60,,23/03/20,,,,,,,,,,,,,,,
80,61,2,21/11/04,21/11/13,21/11/23,21/11/30,21/12/27,,,,22/02/14,22/03/08,22/03/01,vol.006,,TRUE,,11/4/2023: V01C => V01D ダイスのみ
1160,62,,23/04/10,,,,,,,,,,,,,,,
81,63,2,21/11/04,21/11/13,21/11/23,21/11/30,21/12/27,,,,22/02/14,22/03/08,22/03/01,vol.006,,TRUE,,11/4/2023: V01C => V01D ダイスのみ
67,64,2,21/10/01,21/11/09,21/11/23,21/11/30,21/12/27,,,,22/03/10,22/03/18,22/06/01,vol.007,,TRUE,,
68,65,2,21/10/01,21/11/09,21/11/23,21/11/30,21/12/27,,,,22/03/07,22/03/18,22/06/01,vol.007,,TRUE,,
82,66,2,21/12/16,22/01/08,22/01/26,22/03/31,22/03/11,,,,22/04/04,22/04/04,22/06/01,vol.007,,TRUE,,
83,67,2,21/12/16,22/01/08,22/01/26,22/03/31,22/03/11,,,,22/03/22,22/04/04,22/06/01,vol.007,,TRUE,,
84,68,2,21/12/16,22/01/08,22/01/26,22/02/28,22/03/11,,,,22/03/22,22/04/04,22/06/01,vol.007,,TRUE,,
85,69,2,21/12/16,22/01/08,22/01/26,22/02/28,22/03/11,,,,22/03/23,22/04/04,22/06/01,vol.007,,TRUE,,
86,70,2,21/11/17,21/11/30,21/12/06,21/11/30,22/01/27,,,,22/02/16,22/03/08,22/03/01,vol.006,,TRUE,,
87,71,2,21/11/17,21/11/30,21/12/06,21/11/30,22/01/27,,,,22/02/25,22/03/08,22/03/01,vol.006,,TRUE,,
88,72,2,21/11/17,21/11/30,21/12/06,21/11/30,22/01/27,,,,22/02/17,22/03/08,22/03/01,vol.006,,TRUE,,
89,73,2,21/11/17,21/11/30,21/12/06,21/11/30,22/01/27,,,,22/02/17,22/03/08,22/03/01,vol.006,,TRUE,,
90,74,2,21/11/17,21/11/30,21/12/06,21/11/30,22/01/27,,,,22/02/17,22/03/08,22/03/01,vol.006,,TRUE,,
91,75,2,21/11/17,21/11/30,21/12/06,21/11/30,22/01/27,,,,22/02/18,22/03/08,22/03/01,vol.006,,TRUE,,
69,76,2,21/10/01,21/11/09,21/11/23,21/11/30,21/12/27,,,,22/03/23,22/04/04,22/06/01,vol.007,,TRUE,,
92,77,2,21/12/16,22/01/15,22/01/26,22/03/31,22/03/11,,,,22/03/23,22/04/04,22/06/01,vol.007,,TRUE,,
93,78,2,21/12/16,22/01/15,22/01/26,22/02/28,22/03/11,,,,22/03/23,22/04/04,22/06/01,vol.007,,TRUE,,
94,79,2,21/12/16,22/01/19,22/01/26,22/02/28,22/03/11,,,,22/03/24,22/04/04,22/06/01,vol.007,,TRUE,,
95,80,2,21/10/28,21/11/11,21/11/23,21/11/30,22/02/14,,,,22/05/31,22/04/05,22/06/01,vol.007,,TRUE,,
70,81,2,21/10/06,21/11/09,21/11/23,21/11/30,22/02/14,,,,22/05/31,22/04/05,22/06/01,vol.007,,TRUE,,
96,82,2,21/10/28,21/11/11,21/11/23,21/11/30,22/02/14,,,,22/06/01,22/04/05,22/06/01,vol.007,,TRUE,,
71,83,2,21/10/06,21/11/09,21/11/23,21/11/30,22/02/14,,,,22/06/01,22/04/05,22/06/01,vol.007,,TRUE,,
97,84,2,21/10/28,21/11/11,21/11/23,21/11/30,22/02/14,,,,22/07/01,22/04/05,22/07/01,vol.007,,TRUE,,
72,85,2,21/10/06,21/11/09,21/11/23,21/11/30,22/02/14,,,,22/02/28,22/04/05,22/07/01,vol.007,,TRUE,,
98,86,2,21/10/28,21/11/11,21/11/23,21/11/30,22/02/14,,,,22/06/29,22/04/05,22/07/01,vol.007,,TRUE,,
73,87,2,21/10/06,21/11/09,21/11/23,21/11/30,22/02/14,,,,22/06/29,22/04/05,22/07/01,vol.007,,TRUE,,
99,88,2,21/11/04,21/11/30,21/12/06,21/11/30,22/01/27,,,,22/07/22,22/06/24,22/07/01,vol.008,,,,
100,89,2,21/11/04,21/11/30,21/12/06,21/11/30,22/01/27,,,,22/07/22,22/06/24,22/07/01,vol.008,,,,
1166,90,,22/04/25,,,,,,,,,,,,,,,
1183,91,,22/04/25,,,,,,,,,,,,,,,
1184,92,,22/04/25,,,,,,,,,,,,,,,
1185,93,,22/04/25,,,,,,,,,,,,,,,
1189,94,,22/04/25,,,,,,,,,,,,,,,
101,95,2,22/02/22,22/03/22,22/03/29,22/03/22,22/05/11,,,,22/04/06,22/05/18,22/08/01,vol.008,,,,
102,96,2,22/02/22,22/03/22,22/03/29,22/03/22,22/05/11,,,,22/04/14,22/05/18,22/08/01,vol.008,,,,
103,97,2,22/02/22,22/03/22,22/03/29,22/03/22,22/05/11,,,,22/04/14,22/05/18,22/08/01,vol.008,,,,
104,98,2,22/03/07,22/03/22,22/03/29,22/03/22,22/05/11,,,,22/04/09,22/05/18,22/08/01,vol.008,,,,
105,99,2,22/02/22,22/03/22,22/03/29,22/03/22,22/05/11,,,,22/04/09,22/05/18,22/08/01,vol.008,,,,
106,100,2,22/02/22,22/04/13,22/04/21,22/04/13,22/05/17,,,,22/06/28,22/06/15,22/08/01,vol.008,,,,
1187,101,,22/04/14,,,,,,,,,,,,,,,
1188,102,,22/04/14,,,,,,,,,,,,,,,
1186,103,,22/04/25,,,,,,,,,,,,,,,
356,104,2,22/02/22,22/03/24,22/03/29,22/03/24,22/05/11,,,,22/04/09,22/05/18,22/08/01,vol.008,,TRUE,,
108,105,2,22/02/22,22/03/24,22/03/29,22/03/24,22/05/11,,,,22/04/09,22/05/18,22/08/01,vol.008,,TRUE,,
109,106,2,22/02/22,22/04/05,22/04/14,22/04/05,22/05/11,,,,22/04/20,22/06/20,22/08/01,vol.008,,TRUE,,
110,107,2,22/02/22,22/04/05,22/04/14,22/04/05,22/05/11,,,,22/04/20,22/06/20,22/08/01,vol.008,,TRUE,,
111,108,2,22/02/22,22/04/07,22/04/14,22/04/07,22/05/11,,,,22/04/20,22/06/20,22/08/01,vol.008,,TRUE,,
112,109,2,22/02/22,22/04/13,22/04/21,22/04/13,22/05/17,,,,22/06/28,22/06/20,22/08/01,vol.008,,TRUE,,
113,110,2,21/12/07,22/01/05,22/01/26,22/01/30,22/03/07,,,,22/06/21,22/06/20,22/07/01,vol.008,,TRUE,,
114,111,2,21/12/07,22/01/05,22/01/26,22/01/30,22/03/07,,,,22/06/22,22/06/24,22/07/01,vol.008,,TRUE,,
115,112,2,21/12/07,22/01/05,22/01/26,22/01/30,22/03/07,,,,22/06/23,22/06/20,22/07/01,vol.008,,TRUE,,
116,113,2,21/12/27,22/04/26,22/04/27,22/01/25,22/06/30,,,,22/04/27,22/07/06,22/08/01,vol.009,,TRUE,,
117,114,2,21/12/27,22/04/26,22/04/27,22/01/25,22/06/30,,,,22/04/27,22/07/06,22/08/01,vol.009,,TRUE,,
118,115,2,21/12/27,22/04/29,22/05/23,22/01/25,22/06/30,,,,22/05/05,22/07/06,22/08/01,vol.009,,TRUE,,
119,116,2,21/12/27,22/04/22,22/04/27,22/01/25,22/06/30,,,,22/04/26,22/07/06,22/08/01,vol.009,,TRUE,,
120,117,2,22/02/22,22/04/25,22/04/27,22/04/25,22/06/30,,,,22/04/26,22/07/06,22/08/01,vol.009,,TRUE,,
121,118,2,22/02/22,22/04/25,22/04/27,22/04/25,22/06/30,,,,22/05/05,22/07/06,22/08/01,vol.009,,TRUE,,
122,119,2,21/10/28,22/04/13,22/04/21,21/11/30,22/06/30,,,,22/04/09,22/04/25,22/07/01,vol.009,,TRUE,,
123,120,2,21/11/17,22/04/13,22/04/21,22/01/25,22/06/30,,,,22/04/09,22/04/25,22/07/01,vol.009,,TRUE,,
124,121,2,21/11/17,22/04/28,22/05/23,22/01/25,22/06/30,,,,22/05/04,22/07/06,22/08/01,vol.009,,TRUE,,
125,122,2,21/11/17,22/04/28,22/05/23,22/01/25,22/06/30,,,,22/05/04,22/07/06,22/08/01,vol.009,,TRUE,,
126,123,2,22/01/17,22/04/27,22/05/23,22/04/27,22/06/30,,,,22/04/29,22/07/06,22/08/01,vol.009,,TRUE,,
127,124,2,22/01/17,22/04/28,22/05/23,22/04/28,22/06/30,,,,22/05/06,22/07/06,22/08/01,vol.009,,TRUE,,
128,125,2,21/11/17,21/11/30,21/12/06,21/12/30,22/01/27,,,,22/02/12,22/04/05,22/03/01,vol.006,,TRUE,,
1062,126,,23/04/01,,,,,,,,,,,,,,,
129,127,2,21/11/17,21/11/30,21/12/06,21/12/30,22/01/27,,,,22/02/12,22/04/05,22/03/01,vol.006,,TRUE,,
1063,128,,23/04/01,,,,,,,,,,,,,,,
130,129,2,21/11/17,21/11/30,21/12/06,21/12/30,22/01/27,,,,22/02/11,22/02/22,22/03/01,vol.006,,TRUE,,
381,130,,23/03/20,23/09/23,23/10/06,,,,,,,25/07/04,,,,,,
131,131,2,21/11/17,21/11/30,21/12/06,21/12/30,22/01/27,,,,22/02/11,22/02/22,22/03/01,vol.006,,TRUE,,
132,132,2,21/12/07,22/01/18,22/01/26,21/12/30,22/03/02,,,,22/03/24,22/04/04,22/07/01,vol.007,,TRUE,,
139,133,2,21/12/27,22/03/25,22/03/29,22/02/28,22/05/11,,,,22/05/18,22/06/15,22/06/01,vol.008,,TRUE,,
140,134,2,21/12/07,22/03/25,22/03/29,21/12/30,22/05/11,,,,22/05/18,22/06/15,22/06/01,vol.008,,TRUE,,
133,135,2,21/12/16,22/05/16,22/05/26,22/03/31,22/06/22,,,,23/01/03,23/03/03,22/12/01,vol.012,,TRUE,,
134,136,2,21/12/16,24/12/16,24/12/18,,,,,,24/12/24,,,vol.026,,TRUE,,VN製造合格：V02 で行う　16/12/2024
135,137,2,21/12/16,24/03/06,24/03/15,,24/04/09,,,,24/02/20,,24/05/01,vol.020,,TRUE,,VN製造合格：V02 で行う　6/3/2024
136,138,2,21/12/27,22/09/14,22/09/23,22/03/31,22/10/18,,,,22/08/02,22/12/21,22/12/01,vol.012,,TRUE,,
137,139,2,21/12/27,22/05/23,22/05/26,22/03/31,24/07/25,,,,25/04/15,26/01/09,24/03/01,vol.025,,TRUE,,
138,140,2,21/12/27,22/10/28,22/11/07,22/03/31,22/12/23,,,,22/11/05,,25/03/01,vol.026,,TRUE,,"日本返却再製作/ V02 OK, 再開"
184,141,2,22/04/15,22/05/26,22/06/02,,22/06/29,,,,22/12/09,22/12/21,22/12/01,vol.009,,TRUE,,
185,142,2,22/03/31,22/05/26,22/06/02,,22/06/29,,,,22/10/13,22/10/25,22/12/01,vol.009,,TRUE,,
186,143,2,22/03/31,22/06/04,22/06/06,,22/07/13,,,,22/07/30,22/08/02,23/03/01,vol.009,,TRUE,,
187,144,2,22/04/15,22/06/04,22/06/06,,22/07/13,,,,22/07/30,22/08/02,23/03/01,vol.009,,TRUE,,
261,145,2,22/06/15,22/08/06,22/08/12,,22/08/31,,,,22/12/12,22/12/21,22/12/01,vol.011,,TRUE,,
262,146,2,22/06/15,22/08/10,22/08/12,,22/08/31,,,,22/12/13,22/12/21,22/12/01,vol.011,,TRUE,,
350,147,2,22/12/07,22/12/29,23/01/12,,23/01/19,,,,23/03/01,23/04/04,23/04/01,vol.014,,,,
360,148,2,23/02/08,23/03/01,23/03/03,,23/05/12,,,,23/03/29,23/10/05,23/06/01,vol.014,,,,
192,149,2,22/05/13,22/06/29,22/07/02,,22/08/05,,,,22/12/17,23/03/03,22/12/01,vol.012,,TRUE,,
193,150,2,22/05/13,22/06/16,22/07/02,,22/08/05,,,,22/12/12,22/12/21,22/12/01,vol.012,,TRUE,,
203,151,2,22/06/15,22/07/12,22/07/16,,22/08/05,,,,22/12/20,23/03/03,22/12/01,vol.012,,TRUE,,
204,152,2,22/06/15,23/03/24,23/03/29,,23/05/15,,,,23/03/25,23/09/22,23/06/01,vol.014,,TRUE,,
207,153,2,22/06/27,22/07/12,22/07/16,,22/08/05,,,,23/01/07,23/03/03,22/12/01,vol.012,,TRUE,,
206,154,2,22/06/27,22/07/16,22/07/20,,22/08/05,,,,22/12/19,23/03/03,22/12/01,vol.012,,TRUE,,
205,155,2,22/06/15,22/07/19,22/07/26,,22/08/30,,,,22/12/21,23/02/08,23/03/01,vol.013,,TRUE,,
301,156,2,22/10/01,24/03/27,24/04/03,,24/04/30,,,,24/06/06,24/07/18,24/06/01,vol.023,,TRUE,,
272,157,2,22/08/10,22/10/12,22/10/24,,22/11/17,,,,23/02/03,23/02/08,23/03/01,vol.013,,TRUE,,
286,158,2,22/08/24,22/09/16,22/09/23,,22/11/09,,,,23/02/04,23/03/03,23/03/01,vol.013,,TRUE,,
260,159,2,22/07/12,23/03/20,23/03/30,,23/05/15,,,,23/03/14,23/07/19,23/06/01,vol.014,,TRUE,,
287,160,2,22/08/24,22/09/17,22/09/23,,22/11/09,,,,23/02/17,23/03/03,23/08/01,vol.015,,TRUE,,
304,161,2,22/10/01,22/10/14,22/10/28,,22/12/27,,,,22/12/22,23/02/08,23/03/01,vol.013,,TRUE,,
302,162,2,22/10/01,23/02/18,23/02/27,,23/05/12,,,,23/02/28,23/10/05,23/06/01,vol.014,,TRUE,,
188,163,2,22/03/31,22/06/04,22/07/02,,22/08/05,,,,22/12/16,23/01/03,22/12/01,vol.012,,TRUE,,
189,164,2,22/03/31,22/06/04,22/07/02,,22/08/05,,,,22/09/23,22/10/21,22/10/01,vol.012,,TRUE,,
210,165,3,22/06/27,22/07/12,22/08/12,,22/09/07,,TRUE,,23/04/05,23/09/22,23/11/01,vol.020,,TRUE,,
208,166,3,22/06/27,22/07/08,22/08/12,,22/09/07,,TRUE,,23/04/05,23/09/22,23/11/01,vol.020,,TRUE,,
209,167,3,22/06/27,22/07/20,22/08/12,,22/09/07,,TRUE,,23/04/06,23/09/22,23/11/01,vol.020,,TRUE,,
257,168,3,22/07/01,22/08/20,22/08/31,,22/09/09,,TRUE,,23/04/07,23/09/22,23/11/01,vol.020,,TRUE,,
285,169,3,22/08/24,,,,,,TRUE,,,,,,,,,OK
291,170,3,22/08/24,24/04/12,24/04/25,,24/05/28,,TRUE,,,,,,,,,内径NG
288,171,3,22/08/24,,,,,,TRUE,,,,,,,,,内径NG
292,172,3,22/08/24,23/12/06,23/12/13,,24/01/29,,TRUE,2025/10/10,24/02/05,24/03/22,25/11/01,vol.032,,,,MB-63ABL8512-30K
211,173,3,22/06/27,22/07/11,22/07/20,,22/09/09,,TRUE,,23/06/20,23/08/04,24/07/01,vol.024,,TRUE,,
212,174,3,22/06/27,22/07/11,22/07/20,,22/09/09,,TRUE,,23/06/20,23/08/04,24/07/01,vol.024,,TRUE,,
213,175,3,22/06/27,22/07/11,22/07/20,,22/09/09,,TRUE,,23/06/20,23/08/04,24/07/01,vol.024,,TRUE,,
214,176,3,22/06/27,22/09/15,22/09/23,,22/12/23,,TRUE,,23/06/20,23/08/04,24/07/01,vol.024,,TRUE,,
215,177,3,22/06/27,22/07/15,22/07/20,,22/09/09,,TRUE,,23/06/20,23/08/04,24/07/01,vol.024,,TRUE,,
216,178,3,22/06/27,22/08/19,22/08/31,,22/09/21,,TRUE,,23/06/20,23/08/04,24/07/01,vol.024,,TRUE,,
217,179,3,22/06/27,22/07/15,22/07/20,,22/09/09,,TRUE,,23/06/20,23/08/04,24/08/01,vol.024,,TRUE,,
218,180,3,22/06/27,22/09/15,22/09/23,,22/12/23,,TRUE,,23/06/20,23/08/04,25/06/01,vol.028,,TRUE,,
219,181,3,22/06/27,22/08/31,22/09/12,,22/09/30,,TRUE,,23/04/14,23/08/04,24/08/01,vol.024,,TRUE,,
220,182,3,22/06/27,22/08/31,22/09/12,,22/09/30,,TRUE,,23/04/14,23/08/04,24/08/01,vol.024,,TRUE,,
221,183,3,22/06/27,22/08/31,22/09/12,,22/09/30,,TRUE,,23/04/14,23/08/04,24/08/01,vol.024,,TRUE,,
276,184,3,22/08/16,,,,,,TRUE,,,,,,,TRUE,,引抜の素材、押出素材の寸法OK
277,185,3,22/08/16,,,,,,TRUE,,,,,,,TRUE,,引抜の素材、押出素材の寸法OK
278,186,3,22/08/16,,,,,,TRUE,,,,,,,TRUE,,引抜の素材、押出素材の寸法OK
264,187,3,22/08/08,,,,,,TRUE,,,,,,,TRUE,,引抜の素材、押出素材の寸法OK
279,188,3,22/08/16,,,,,,TRUE,,,,,,,TRUE,,引抜の素材、押出素材の寸法OK
280,189,3,22/08/16,,,,,,TRUE,,,,,,,TRUE,,引抜の素材、押出素材の寸法OK
281,190,3,22/08/16,,,,,,TRUE,,,,,,,TRUE,,引抜の素材、押出素材の寸法OK
300,191,3,22/10/01,,,22/10/01,,,TRUE,,,,,,,TRUE,,引抜の素材、押出素材の寸法OK
267,192,3,22/08/08,,,,,,TRUE,,,,,,,TRUE,,引抜の素材、押出素材の寸法OK
268,193,3,22/08/08,,,,,,TRUE,,,,,,,TRUE,,引抜の素材、押出素材の寸法OK
269,194,3,22/08/08,,,,,,TRUE,,,,,,,TRUE,,引抜の素材、押出素材の寸法OK
195,195,3,22/05/31,,,,,,TRUE,,,25/08/04,,,,TRUE,,引抜の素材、押出素材の寸法OK
275,196,3,22/08/16,,,,,,TRUE,,,,,,,TRUE,,引抜の素材、押出素材の寸法OK
299,197,3,22/10/01,,,,,,TRUE,,,,,,,TRUE,,引抜の素材、押出素材の寸法OK
266,198,3,22/08/08,,,,,,TRUE,,,,,,,TRUE,,引抜の素材、押出素材の寸法OK
265,199,3,22/08/08,,,,,,TRUE,,,,,,,TRUE,,引抜の素材、押出素材の寸法OK
194,200,3,22/05/31,,,,,,TRUE,,,,,,,TRUE,,引抜の素材、押出素材の寸法OK
293,201,3,22/08/31,,,,,,TRUE,,,,,,,TRUE,,引抜の素材、押出素材の寸法OK
298,202,3,22/10/01,,,,,,TRUE,,,,,,,TRUE,,引抜の素材、押出素材の寸法OK
229,203,4,22/06/29,22/10/01,22/10/24,,22/11/16,,,,22/12/15,23/01/03,22/12/01,vol.012,,,,
228,204,4,22/06/29,22/07/18,22/08/05,,22/08/26,,,,22/10/13,22/10/21,22/11/01,vol.010,,,,
230,205,4,22/06/29,22/12/05,22/12/15,,22/12/27,,,,23/02/02,23/10/05,23/03/01,vol.013,,,,
253,206,4,22/07/01,22/09/23,22/10/24,,22/11/25,,,,22/12/14,23/01/03,22/12/01,vol.012,,,,
343,207,4,22/11/29,22/12/14,22/12/15,,23/01/30,,,,23/02/15,23/03/03,23/03/01,vol.013,,,,
349,208,4,22/11/29,22/12/14,22/12/15,,23/01/30,,,,23/02/15,23/03/03,23/03/01,vol.013,,,,
289,209,4,22/08/24,22/11/15,22/11/25,,22/12/20,JP-8823-82-1100,,,23/03/03,23/03/03,23/03/01,vol.013,,,,
274,210,4,22/08/10,22/09/08,22/09/23,,22/10/26,,,,22/10/22,22/11/07,22/12/01,vol.011,,,,
271,211,4,22/08/10,22/09/28,22/10/24,,22/11/28,,,,22/12/15,23/01/03,22/12/01,vol.012,,TRUE,,
270,212,4,22/08/10,22/09/28,22/10/24,,22/11/28,,,,22/12/08,22/12/21,22/12/01,vol.012,,TRUE,,
273,213,4,22/08/10,22/09/08,22/09/23,,22/10/27,,,,22/12/07,22/12/21,22/12/01,vol.011,,TRUE,,
284,214,4,22/08/24,22/10/01,22/10/24,,22/11/28,,,,22/12/09,22/12/21,22/12/01,vol.012,,TRUE,,
239,215,4,22/06/29,22/08/20,22/08/31,,22/09/27,,,,22/10/04,22/10/21,22/11/01,vol.010,,,,
242,216,4,22/06/29,22/07/26,22/08/05,,22/09/21,,,,22/10/10,22/10/21,22/11/01,vol.010,,,,
237,217,4,22/06/29,22/07/26,22/08/05,,22/09/21,,,,22/10/11,22/10/21,22/11/01,vol.010,,,,
248,218,4,22/07/01,22/08/20,22/08/31,,22/09/15,,,,22/10/21,22/10/21,22/11/01,vol.010,,,,
249,219,4,22/07/01,22/08/20,22/08/31,,22/09/15,,,,22/10/12,22/10/21,22/11/01,vol.010,,,,
234,220,4,22/06/29,22/08/19,22/08/31,,22/09/14,,,,22/10/13,22/11/16,22/12/01,vol.011,,,,"0.3%, Mist"
238,221,4,22/06/29,22/09/14,22/09/23,,22/10/25,,,,22/12/12,22/12/21,22/12/01,vol.012,,,,
240,222,4,22/06/29,22/11/22,22/11/25,,22/12/28,,,,23/01/09,23/03/03,23/04/01,vol.014,,,,
236,223,4,22/06/29,,,,,,,,,,,,,,,止めて
235,224,4,22/06/29,,,,,,,,,,,,,,,止めて
241,225,4,22/06/29,22/08/24,22/09/12,,22/12/27,,,,23/02/01,23/02/08,23/03/01,vol.013,,,,
263,226,4,22/07/27,23/05/09,23/05/16,,23/06/08,,,,23/06/02,23/10/05,23/07/01,vol.015,,,,"1.2%, OK"
231,227,4,22/06/29,22/08/20,22/08/31,,22/10/25,,,,22/12/16,23/01/03,22/12/01,vol.012,,,,
232,228,4,22/06/29,23/03/25,23/03/29,,23/06/01,,,,23/07/19,23/07/19,23/07/01,vol.014,,,,
227,229,4,22/06/29,23/03/25,23/03/29,,23/06/27,,,,23/03/21,23/07/19,23/07/01,vol.014,,,,
245,230,4,22/06/29,22/08/20,22/08/31,,22/10/25,,,,22/12/12,22/12/21,22/12/01,vol.012,,,,
243,231,4,22/06/29,22/08/20,22/08/31,,22/10/25,,,,22/11/10,22/11/16,22/12/01,vol.011,,,,
224,232,4,22/06/29,22/09/14,22/09/23,,22/10/25,,,,22/11/10,22/11/16,22/12/01,vol.011,,,,
351,233,4,22/12/07,24/04/23,24/05/07,,24/06/17,,,,24/05/20,24/07/18,24/07/01,vol.022,Tai,,,Test 0.6% Rãnh cảm biến lớn/Test lại 0.8% và 0.9%
290,234,4,22/08/24,,24/01/17,,24/02/13,,,,24/01/22,,24/03/01,vol.018,Tai,,,V02 で行う; P4814101-M-1 =>P4814101-MH1
282,235,4,22/08/24,,23/12/20,,24/02/13,,,,24/03/06,,24/04/01,vol.020,Tai,,,２番で行う、１番はダメ;P4814201-M-1 => P4814201-MH1
222,236,4,22/06/29,22/08/10,22/08/12,,22/09/05,,,,22/09/16,22/10/03,22/10/01,vol.010,,,,
225,237,4,22/06/29,22/08/10,22/08/12,,22/09/05,,,,22/09/17,22/10/03,22/10/01,vol.010,,,,
254,238,4,22/07/01,22/08/10,22/08/12,,22/09/05,,,,22/10/03,22/10/03,22/10/01,vol.010,,,,
223,239,4,22/06/29,22/08/28,22/09/12,,22/09/29,,,,22/11/08,22/11/16,22/12/01,vol.011,,,,
251,240,4,22/07/01,22/08/24,22/09/12,,22/09/30,,,,22/11/07,22/11/16,22/12/01,vol.011,,,,
233,241,4,22/06/29,,,,,,,,,,,,Tai,,,
255,242,4,22/07/01,22/08/28,22/09/12,,22/10/05,,,,24/05/07,,24/06/01,Vol.021,,,,V02で開始
256,243,4,22/07/01,22/08/15,22/08/31,,22/09/16,,,,22/10/14,22/11/07,22/12/01,vol.011,,,,
247,244,4,22/07/01,22/11/16,22/11/25,,22/12/20,,,,23/01/10,23/02/08,23/03/01,vol.013,,,,
250,245,4,22/07/01,22/09/08,22/09/23,,22/10/31,,,,22/11/09,22/11/16,22/12/01,vol.011,,,,
252,246,4,22/07/01,22/08/28,22/09/12,,22/10/05,,,,22/10/18,22/10/25,22/12/01,vol.011,,,,
246,247,4,22/07/01,22/10/12,22/10/24,,22/11/16,,,,22/12/16,23/01/03,22/12/01,vol.012,,,,
226,248,4,22/06/29,22/09/07,22/09/12,,22/10/05,,,,22/10/25,22/10/25,22/12/01,vol.011,,,,
244,249,4,22/06/29,23/02/14,23/02/20,,23/03/16,,,,23/03/02,23/04/04,23/04/01,vol.014,,,,【45角度】測定結果～50°以上
353,250,4,22/12/15,23/03/18,23/03/30,,23/05/31,,,,24/05/29,24/07/18,24/06/01,vol.022,,TRUE,,
354,251,4,22/12/15,24/02/29,24/03/15,,24/04/18,,,,24/05/29,24/07/18,24/06/01,vol.022,Tai,TRUE,,
352,252,4,22/12/15,24/02/29,24/03/15,,24/04/18,,,,24/05/29,24/07/18,24/06/01,vol.022,Tai,TRUE,,
892,253,5,25/04/01,,,,,,,,,,,,,,,
891,254,5,25/04/03,,,,,,,,,,,,,,,
890,255,5,25/04/01,,,,,,,,,,,,,,,
305,256,4,22/10/01,23/03/06,23/03/15,,23/05/31,,,,23/03/22,23/08/04,23/08/01,vol.014,,,,
308,257,4,22/10/11,22/12/28,23/01/04,,23/01/30,,TRUE,,23/12/14,23/02/08,24/08/01,vol.023,,,,CYP32C-R5501A30K là mã xi mạ
394,258,4,23/05/16,23/06/19,23/06/21,,23/07/24,,,,23/08/02,23/09/23,23/10/01,vol.015,,,,
393,259,4,23/05/16,23/06/19,23/06/21,,23/07/24,,,,23/08/02,23/09/23,23/10/01,vol.015,,,,
442,260,5,23/05/23,23/07/19,23/07/20,,23/08/23,,,,24/03/12,24/02/19,24/01/01,vol.016,,,,
385,261,5,23/03/17,23/04/20,23/04/25,,23/05/22,,,,23/07/03,23/10/05,23/10/01,vol.015,,,,
390,262,5,23/03/17,23/12/06,23/12/10,,24/01/29,,,,24/01/04,24/07/18,24/04/01,vol.020,,,,
391,263,5,23/03/17,23/12/06,23/12/10,,24/01/29,,,,24/03/26,24/07/18,24/04/01,vol.023,,,,
375,264,5,23/02/27,23/07/31,23/08/14,,23/09/12,,,,23/08/08,23/10/05,23/11/01,vol.016,,,,
419,265,5,23/04/05,23/07/31,23/08/14,,23/09/12,,,,23/09/11,23/10/05,23/11/01,vol.016,,,,
444,266,5,23/05/23,24/01/04,24/01/05,24/01/01,24/02/15,,,,24/03/07,24/05/17,24/04/01,vol.020,Tien,,,
370,267,5,23/03/03,23/07/13,23/07/19,,23/08/23,,,,23/08/23,24/02/19,23/10/01,vol.015,,,,
446,268,5,23/05/23,23/08/07,23/08/14,,23/09/12,,,,23/07/21,23/10/05,23/11/01,vol.016,,,,
447,269,5,23/05/23,23/09/14,23/09/26,,24/01/24,,,,24/03/18,24/05/17,24/04/01,vol.020,,,,
418,270,5,23/03/17,23/08/05,23/08/14,,23/09/12,,,,24/03/12,25/03/03,24/04/01,vol.020,,,,
459,271,5,23/05/29,24/05/24,24/06/07,24/02/01,24/07/22,,,,24/07/29,25/02/14,25/04/01,vol.025,Tien,,,
460,272,5,23/05/29,24/03/21,24/03/29,24/01/01,24/04/30,,,,24/05/13,,,vol.025,Tien,,,khuôn NG
400,273,5,23/05/16,23/10/27,23/11/06,,23/12/19,,,,24/03/06,24/05/17,24/04/01,vol.020,,TRUE,,
402,274,5,23/05/29,24/02/01,24/02/23,24/01/01,24/04/30,,,,24/03/04,24/08/15,24/06/01,vol.023,Tien,TRUE,,
462,275,5,23/06/30,23/12/02,23/12/10,,24/01/29,,,,24/03/08,24/03/22,24/04/01,vol.020,,TRUE,,
463,276,5,23/05/25,23/12/02,23/12/10,,24/01/29,,,,24/03/08,25/03/03,24/04/01,vol.020,,TRUE,,
430,277,5,23/05/22,,,24/03/01,,,,,,,,,Tien,,,
387,278,5,23/03/17,,,24/03/01,,,,,,,,,Tien,,,
438,279,5,23/05/22,,,24/01/01,,,,,,,,,Hieu,,,角度NG、申請不可
437,280,5,23/05/22,23/08/25,23/09/07,24/01/01,,,,,,,,,Hieu,,,角度NG、申請不可
481,281,5,23/05/28,26/03/05,26/03/20,24/01/01,26/04/21,,TRUE,,,,,,Tien,TRUE,TRUE,
482,282,5,23/09/09,,26/05/20,24/01/01,,,TRUE,,,,,,Tien,TRUE,,
483,283,5,23/09/09,,,24/02/01,,,TRUE,,,,,,Tien,TRUE,,
422,284,5,23/04/20,24/04/05,24/04/09,,24/06/06,,TRUE,,25/12/24,26/03/04,,vol.033,Tien,,,
423,285,5,23/04/20,24/03/10,24/03/25,,24/05/23,,TRUE,2025/12/18,24/08/12,25/11/18,,vol.033,Tien,,,
461,286,5,23/06/03,,,24/01/01,,,TRUE,,,,,,Hieu,,,
480,287,5,23/09/09,,,24/02/01,,,TRUE,,,,,,Tien,,,
412,288,5,23/04/24,,,24/02/01,,,TRUE,,,,,,Tien,,,
445,289,5,23/05/23,23/07/19,23/07/25,,23/08/31,,,,23/10/02,23/10/05,23/10/01,vol.015,,,,
441,290,5,23/05/23,23/07/19,23/07/25,,23/08/31,,,,23/07/26,23/10/05,23/10/01,vol.015,,,,
405,291,5,23/05/23,23/07/19,23/07/25,,23/08/31,,,,23/11/10,23/12/08,23/11/01,vol.016,,,,
406,292,5,23/05/23,23/06/30,23/07/10,,23/08/23,,,,23/11/10,24/01/04,23/12/01,vol.016,,,,
401,293,5,23/05/22,23/07/13,23/07/19,,23/09/08,,,,23/08/05,23/11/07,23/10/01,vol.015,,TRUE,,
434,294,5,23/05/22,23/07/14,23/07/19,,23/09/08,,,,23/09/14,23/11/07,23/10/01,vol.015,,TRUE,,
396,295,5,23/05/22,23/08/31,23/09/14,,23/10/18,,,,23/09/13,23/11/07,24/08/01,Vol.021,,TRUE,,
451,296,5,23/05/23,23/07/18,23/07/19,,23/09/08,,,,23/10/11,23/11/07,23/10/01,vol.023,,TRUE,,
403,297,5,23/05/22,24/08/30,24/10/07,24/02/01,24/10/25,,,,24/09/11,25/03/03,23/12/01,vol.025,Tien,TRUE,,
413,298,5,23/04/24,23/09/07,23/09/26,,23/10/18,,,,23/12/13,24/02/05,23/12/01,vol.023,,TRUE,,
404,299,5,23/05/22,25/10/02,25/10/07,24/02/01,25/11/20,,,,25/10/10,26/01/09,25/12/01,vol.031,Tien,TRUE,,
428,300,5,23/05/22,26/03/11,26/03/19,24/02/01,,,,,,,,,Tien,TRUE,,
619,301,5,23/05/22,25/03/24,25/04/15,24/03/01,25/06/04,,TRUE,,25/06/20,25/08/08,,,Tien,,,
449,302,5,23/05/23,23/08/03,23/08/14,,23/09/08,,,,23/10/03,23/12/08,23/11/01,vol.016,,,,
421,303,5,23/03/17,23/08/03,23/08/14,,23/09/08,,,,24/03/19,25/03/03,24/04/01,vol.020,,,,
453,304,5,23/05/23,,,24/02/01,,,,,,,,,Tien,,,
439,305,5,23/05/23,,,24/02/01,,,,,,,,,Tien,,,
455,306,5,23/05/23,24/01/19,24/01/23,24/01/01,24/04/18,,,,24/06/13,24/07/18,24/07/01,vol.022,Hieu,,,
414,307,5,23/04/24,24/01/19,24/01/23,24/01/01,24/04/18,,,,24/06/13,24/07/18,24/07/01,vol.022,Hieu,,,
440,308,5,23/05/23,24/01/11,24/01/19,24/02/01,24/04/18,,TRUE,,24/05/13,24/07/18,25/01/01,vol.022,Tien,,,
384,309,5,23/04/11,23/08/25,23/09/07,,23/10/23,,,,23/11/22,24/02/05,24/01/01,vol.016,,,,
454,310,5,23/05/23,,,24/02/01,,,,,,,,,,,,
415,311,5,23/04/24,,,24/02/01,,,,,,,,,,,,
450,312,5,23/05/23,24/10/01,24/11/18,24/02/01,24/12/06,,,,24/12/10,25/03/03,25/04/01,vol.025,Hieu,,,
452,313,5,23/05/23,,,24/02/01,,,,,,,,,Hieu,,,
448,314,5,23/05/23,24/07/25,24/08/09,24/02/01,24/08/26,,,,25/07/14,25/08/19,25/10/01,vol.028,Tai,,,９／10OK可能、再確認中
366,315,5,23/03/03,23/12/18,23/12/18,,24/02/13,,,,24/03/07,24/05/17,24/04/01,vol.020,Tai,,,
386,316,5,23/03/17,24/03/14,24/03/25,24/01/01,24/04/30,,,,24/05/23,25/02/14,24/07/01,vol.023,Hieu,,,
420,317,5,23/03/17,24/01/16,24/01/30,24/01/01,24/03/08,,,,24/05/14,25/03/03,24/11/01,vol.025,Hieu,,,
377,318,5,23/02/27,23/09/08,23/09/14,,23/10/11,,,,23/10/19,24/02/05,24/01/01,vol.016,Tien,,,
409,319,5,23/03/17,23/07/12,23/07/19,,23/08/23,,,,23/08/01,24/02/19,23/11/01,vol.016,Tien,,,
408,320,5,23/03/17,23/07/17,23/07/20,,23/08/23,,,,23/08/08,24/02/05,23/11/01,vol.016,Tien,,,
374,321,5,23/02/27,23/09/08,23/09/14,,23/10/06,,,,23/10/04,24/01/04,23/12/01,vol.016,Tien,,,
378,322,5,23/02/27,23/09/08,23/09/14,,23/10/06,,,,23/10/18,24/01/04,23/12/01,vol.016,Tien,,,
372,323,5,23/02/27,23/08/11,23/08/24,,23/10/06,,,,23/08/22,24/01/05,23/12/01,vol.016,Tien,,,
373,324,5,23/02/27,23/09/14,23/09/26,,23/10/12,,,,23/10/18,24/01/04,23/12/01,vol.016,Tien,,,
376,325,5,23/02/27,23/08/25,23/09/07,,23/10/10,,,,23/08/22,23/10/05,23/12/01,vol.016,Tien,,,
369,326,5,23/03/03,23/09/12,23/09/26,,23/10/16,,,,25/02/07,25/03/03,25/04/01,vol.026,Tien,,,
371,327,5,23/02/27,24/03/10,24/03/25,,24/04/30,,,,24/04/01,25/01/07,24/06/01,Vol.021,Tien,,,
410,328,5,23/04/24,23/07/06,23/07/07,,23/07/27,,,,23/07/17,24/02/05,24/01/01,vol.017,Tien,TRUE,,
397,329,5,23/05/22,23/06/29,23/06/30,,23/07/27,,,,24/03/15,25/03/03,24/04/01,vol.020,Tien,TRUE,,
411,330,5,23/04/24,23/07/06,23/07/07,,23/08/23,,,,23/07/14,24/05/17,24/04/01,vol.020,Tien,TRUE,,
431,331,5,23/05/22,23/11/09,23/11/15,,23/12/13,,,,24/03/15,24/05/17,24/04/01,vol.020,Tien,TRUE,,
388,332,5,23/03/17,24/01/09,24/01/17,24/01/01,24/02/07,,,,,,,,Tien,,,日本NG（直角度確認中）
389,333,5,23/03/17,23/09/15,23/09/26,,23/10/20,,,,24/05/14,24/07/18,24/07/01,vol.022,Tien,,,
364,334,5,23/03/03,,,,,,,,,,,,Tien,,,
365,335,5,23/03/03,24/03/14,24/03/25,,24/05/24,,,,25/12/12,25/11/18,25/12/01,vol.028,Tien,,,
398,336,5,23/03/17,23/09/06,23/09/14,,24/01/19,,,,24/03/14,24/05/17,24/04/01,vol.020,Tien,,,JP 確認中
399,337,5,23/03/17,23/08/09,23/08/24,,23/10/13,,,,24/05/22,25/03/03,24/04/01,vol.026,Tien,,,JP確認OK、生産可
407,338,5,23/05/23,23/08/09,23/08/24,,23/10/13,,,,25/11/07,26/01/07,26/02/01,vol.031,Tien,,,
368,339,5,23/03/03,23/07/12,23/07/19,,23/08/23,,,,23/08/04,23/09/22,23/10/01,vol.015,Tien,,,
367,340,5,23/03/03,23/07/12,23/07/19,,23/08/23,,,,23/07/12,23/09/22,23/10/01,vol.015,Tien,,,
424,341,5,23/05/16,23/12/05,23/12/10,,24/01/24,,,,24/03/12,26/01/07,24/04/01,vol.025,Tien,,,
469,342,5,23/07/17,23/12/20,23/12/27,,24/02/14,,,,25/10/24,26/01/09,,vol.032,Tien,,,生産可、図面変更待ち
464,343,5,23/07/17,23/11/21,23/11/27,,23/12/19,,,,25/10/24,26/01/09,26/03/01,vol.032,Tien,,,生産可、図面変更待ち
470,344,5,23/07/17,23/12/01,23/12/11,,24/02/14,,,,25/11/03,26/01/20,,vol.032,Tien,,,生産可、図面変更待ち
465,345,5,23/07/17,23/12/11,23/12/27,,24/02/14,,,,24/09/27,26/01/20,,vol.032,Tien,,,生産可、図面変更待ち
471,346,5,23/07/17,24/02/01,24/02/23,24/01/01,24/03/26,,,,25/11/03,26/01/20,,vol.032,Tien,,,生産可、図面変更待ち
466,347,5,23/07/17,24/01/04,24/01/05,24/01/01,24/02/14,,,,25/10/03,26/01/20,,vol.032,Tien,,,生産可、図面変更待ち
472,348,5,23/07/17,23/12/18,23/12/27,,24/02/14,,,,25/11/06,26/01/23,,vol.033,Tien,,,生産可、図面変更待ち
467,349,5,23/07/17,24/01/08,23/01/08,24/01/01,24/02/14,,,,24/10/07,26/01/23,,vol.032,Tien,,,生産可、図面変更待ち
473,350,5,23/07/17,23/12/18,23/12/27,,24/02/14,,,,24/10/07,26/01/23,,vol.033,Tien,,,生産可、図面変更待ち
468,351,5,23/07/17,24/01/09,24/01/17,24/01/01,24/02/14,,,,24/10/07,26/01/23,,vol.032,Tien,,,生産可、図面変更待ち
533,352,5,23/09/08,23/10/12,23/10/20,,23/12/08,,,,23/12/25,24/02/19,24/02/01,vol.017,Duy,TRUE,,
535,353,5,23/08/09,23/11/09,23/11/15,,23/12/13,,,,23/12/25,24/02/19,24/02/01,vol.017,Duy,TRUE,,
534,354,5,23/08/09,23/10/19,23/10/25,,23/12/08,,,,23/12/25,24/02/19,24/02/01,vol.017,Duy,TRUE,,
536,355,5,23/08/09,24/05/24,24/06/03,,24/07/22,,,,24/07/01,25/03/03,25/03/01,vol.023,Duy,TRUE,,
532,356,5,23/09/08,23/10/12,23/10/20,,23/12/08,,,,23/12/25,24/02/19,24/02/01,vol.017,Duy,TRUE,,
537,357,5,23/08/09,24/04/17,24/04/25,,24/06/05,,,,24/06/07,24/06/21,24/07/01,vol.022,Duy,TRUE,,
518,358,5,23/09/20,23/11/22,23/12/02,,24/01/24,,,,24/01/29,24/03/22,24/03/01,vol.018,Duy,,,
519,359,5,23/09/20,23/11/21,23/11/27,,24/01/24,,,,24/01/30,24/03/22,24/03/01,vol.018,Duy,,,
520,360,5,23/09/20,23/11/29,23/12/04,,24/01/31,,,,24/02/22,24/03/22,24/04/01,vol.019,Duy,,,
521,361,5,23/09/20,23/11/28,23/12/02,,24/01/24,,,,24/01/30,24/03/22,24/03/01,vol.018,Duy,,,
522,362,5,23/09/20,23/11/02,23/11/06,,23/12/19,,,,24/01/08,25/08/19,24/02/01,vol.018,Tiến,,,CYP15K-R5500A20K
523,363,5,23/09/20,23/11/02,23/11/06,,23/12/19,,,,24/01/19,25/08/19,24/03/01,vol.018,Tiến,,,CYP32K-R5501A20K
524,364,5,23/09/20,23/10/26,23/11/03,,23/12/19,,,,24/01/23,25/09/17,24/03/01,vol.018,Tai,,,
525,365,5,23/09/20,26/03/23,26/04/08,,,,TRUE,,24/11/22,,,,Tien,,,日本判定NG
526,366,5,23/09/20,24/03/11,24/03/27,24/02/01,24/04/24,,TRUE,,25/12/19,,,vol.032,Tai,,TRUE,
527,367,5,23/09/20,23/10/26,23/10/31,,23/12/12,,,,23/12/26,25/02/25,24/02/01,vol.017,Duy,,,
528,368,5,23/09/20,23/10/26,23/10/31,,23/12/12,,,,23/12/26,25/02/25,24/02/01,vol.017,Duy,,,
529,369,5,23/09/20,23/10/26,23/10/31,,23/12/12,,,,23/12/26,25/02/25,24/02/01,vol.017,Duy,,,
556,370,5,23/09/12,,,,,,,,,,,,Tien,TRUE,,
555,371,5,23/08/30,,,,,,,,,,,,Tien,TRUE,,
552,372,5,23/08/09,,,,,,TRUE,,,,,,,TRUE,,日本返却再製作;  長尺アルマイト
554,373,5,23/08/30,,,,,,,,,,,,Tien,TRUE,,
550,374,5,23/08/18,24/03/19,24/03/25,,24/05/23,,TRUE,,25/08/06,25/11/18,,vol.031,,TRUE,,長尺アルマイト
549,375,5,23/08/18,24/02/28,24/03/11,,24/04/04,,TRUE,,25/08/05,25/11/03,,vol.031,,TRUE,,長尺アルマイト
547,376,5,23/08/09,23/12/02,23/12/13,,24/01/31,,TRUE,,24/02/22,24/08/15,,vol.031,,TRUE,,長尺アルマイト
548,377,5,23/08/09,,,,,,,,,,,,Tien,TRUE,,
551,378,5,23/08/09,24/03/10,24/03/27,,24/04/30,,TRUE,,25/08/05,25/11/18,,vol.033,,TRUE,,長尺アルマイト
544,379,5,23/10/06,23/12/08,23/12/13,,24/01/31,,,,24/02/22,24/03/22,24/04/01,vol.019,Duy,,,
538,380,5,23/10/06,23/12/08,23/12/13,,24/01/31,,,,24/02/22,24/03/22,24/04/01,vol.019,Duy,,,
559,381,5,23/10/24,24/02/29,24/03/15,24/02/01,25/12/17,,,,26/01/23,,,vol.032,Hieu,,,メス型再製作済、金型移管日不明
557,382,5,23/10/24,24/01/04,24/01/05,24/02/01,24/02/13,,,,24/02/26,24/06/21,24/04/01,vol.019,Duy,,,
558,383,5,23/10/24,23/11/15,23/11/22,,24/01/24,,,,24/01/29,24/03/22,24/03/01,vol.018,Duy,,,
543,384,5,23/10/06,23/11/14,23/11/22,,23/12/19,,,,24/01/11,24/03/22,24/02/01,vol.018,Tai,,,
539,385,5,23/10/06,24/03/21,24/03/27,,24/07/22,,,,24/03/27,24/08/15,24/06/01,Vol.021,Tai,,,
563,386,5,23/10/16,24/03/11,24/03/15,,24/04/09,,,,24/04/02,25/02/25,24/05/01,vol.020,Tai,,,
564,387,5,23/10/16,24/03/08,24/03/27,,24/04/30,,,,24/04/01,25/02/25,24/06/01,Vol.021,Tai,,,
582,388,5,23/10/18,24/03/11,24/03/25,,24/04/30,,,,24/04/01,25/02/25,24/06/01,Vol.021,Tai,,,
553,389,5,23/09/20,24/03/11,24/03/25,24/02/01,24/04/24,,TRUE,,25/11/06,26/01/07,,vol.032,Tai,,,
567,390,5,23/10/18,23/11/22,23/12/02,,23/12/19,,,,23/12/26,24/02/19,24/02/01,vol.018,Duy,,,
568,391,5,23/10/18,23/12/13,23/12/20,,24/02/15,,,,24/03/22,25/08/04,24/04/01,vol.023,Duy,,,
569,392,5,23/10/18,24/02/01,24/02/06,24/01/01,24/03/25,,,,24/06/06,24/07/18,24/07/01,vol.022,Duy,,,
530,393,5,23/09/29,24/03/21,24/03/28,24/02/01,24/04/24,,,,24/05/17,24/06/21,24/06/01,Vol.021,Duy,,,
531,394,5,23/09/29,24/01/04,24/01/05,24/02/01,24/02/07,,,,24/03/19,25/02/25,24/04/01,vol.023,Duy,,,
545,395,5,23/10/06,24/03/06,24/03/15,24/02/01,24/04/09,,,,24/04/15,25/02/25,24/05/01,vol.023,Duy,,,
540,396,5,23/10/06,23/12/02,23/12/18,,24/02/07,,,,24/04/12,25/02/25,24/05/01,vol.020,Duy,,,
581,397,5,23/10/18,25/02/11,25/02/18,24/02/01,25/04/03,,,,25/10/20,26/01/07,25/12/01,vol.031,Danh,,,
565,398,5,23/10/18,25/02/11,25/02/18,24/02/01,25/04/03,,,,25/10/20,26/01/07,25/12/01,vol.031,Danh,,,
566,399,5,23/10/18,25/02/11,25/02/18,24/02/01,25/04/03,,,,25/10/20,26/01/07,25/12/01,vol.031,Danh,,,
720,400,5,24/09/20,24/10/18,24/11/18,,24/12/06,,,,24/12/11,25/08/04,25/04/01,vol.025,Duy,,,
576,401,5,23/11/04,23/11/22,23/12/02,,23/12/19,,,,24/01/30,24/03/22,24/03/01,vol.018,Hieu,,,
578,402,5,23/11/04,23/11/22,23/12/02,,23/12/19,,,,24/01/17,24/03/22,24/03/01,vol.018,Hieu,,,
574,403,5,23/11/04,23/11/22,23/12/02,,23/12/19,,,,24/01/16,24/03/22,24/03/01,vol.018,Hieu,,,
572,404,5,23/11/04,23/11/28,23/12/02,,23/12/19,,,,24/01/16,24/03/22,24/03/01,vol.018,Hieu,,,
602,405,5,23/11/20,24/01/04,24/01/05,24/01/01,24/02/15,,,,24/02/22,25/08/04,24/04/01,vol.019,Duy,,,
600,406,5,23/11/20,24/01/04,24/01/05,24/01/01,24/02/15,,,,24/02/22,24/03/22,24/04/01,vol.019,Duy,,,
593,407,5,23/11/28,23/12/20,23/12/25,,24/02/15,,,,24/02/20,24/03/22,24/04/01,vol.019,Duy,,,
594,408,5,23/11/20,23/12/22,23/12/25,,24/02/15,,,,24/02/20,24/03/22,24/04/01,vol.019,Duy,,,
571,409,5,23/11/04,23/11/22,23/12/02,,23/12/19,,,,24/01/30,24/03/22,24/03/01,vol.018,Hieu,,,
575,410,5,23/11/04,23/11/17,23/11/27,,23/12/19,,,,24/02/01,24/03/22,24/03/01,vol.018,Hieu,,,
598,411,5,23/11/28,23/12/11,23/12/18,,24/01/29,,,,24/02/02,24/03/22,24/03/01,vol.019,Duy,,,
596,412,5,23/11/16,23/12/11,23/12/18,,24/01/29,,,,24/02/02,24/03/22,24/03/01,vol.019,Duy,,,
592,413,5,23/11/28,23/12/11,23/12/18,,24/01/29,,,,24/02/05,24/03/22,24/03/01,vol.019,Duy,,,
604,414,5,23/11/16,24/01/24,24/01/30,24/01/01,24/03/19,,,,24/02/21,25/08/04,24/08/01,vol.019,Duy,,,12 inch
591,415,5,23/11/16,24/01/04,24/01/05,24/01/01,24/02/15,,,,24/06/18,24/07/18,24/06/01,vol.022,Duy,,,
589,416,5,23/11/16,24/02/28,24/03/11,24/01/01,24/04/02,,,,24/05/10,24/07/18,24/06/01,vol.020,Duy,,,
587,417,5,23/11/16,24/02/29,24/03/15,24/01/01,24/04/09,,,,24/05/14,25/08/19,24/07/01,vol.020,Duy,,,
721,418,5,24/09/20,24/10/18,24/11/18,,24/12/06,,TRUE,,24/12/16,25/02/25,25/03/01,vol.026,Danh,,,長尺アルマイト完了　日付不明
685,419,5,24/09/05,24/09/23,24/11/18,,24/12/06,,TRUE,,24/12/16,25/02/25,25/03/01,vol.026,Danh,,,長尺アルマイト完了　日付不明
686,420,5,24/09/05,24/10/07,24/11/18,,24/12/06,,TRUE,,24/12/17,25/02/25,25/03/01,vol.026,Danh,,,長尺アルマイト完了　日付不明
687,421,5,24/09/05,24/10/07,24/11/18,,24/12/06,,TRUE,,24/12/17,25/02/25,25/03/01,vol.026,Danh,,,長尺アルマイト完了　日付不明
726,422,5,24/09/05,24/12/13,24/12/17,,25/01/20,,TRUE,,25/01/22,25/02/25,25/03/01,vol.026,Tân,,,長尺アルマイト完了　日付不明
690,423,5,24/09/05,24/12/05,24/12/16,,25/01/08,,TRUE,,25/01/20,25/02/25,25/03/01,vol.026,Tân,,,長尺アルマイト完了　日付不明
692,424,5,24/09/05,24/12/05,24/12/16,,25/01/06,,TRUE,,25/01/20,25/02/25,25/03/01,vol.026,Tân,,,長尺アルマイト完了　日付不明
693,425,5,24/09/05,24/11/28,24/12/16,,25/01/06,,TRUE,,24/12/19,25/02/25,25/03/01,vol.026,Tân,,,長尺アルマイト完了　日付不明
694,426,5,24/09/05,24/12/05,24/12/16,,25/01/06,,TRUE,,25/01/21,25/02/25,25/03/01,vol.026,Tân,,,長尺アルマイト完了　日付不明
603,427,5,23/11/20,23/12/14,23/12/18,,24/02/13,,,,24/03/15,26/01/07,,vol.025,Duy,,,
601,428,5,23/11/20,23/12/14,23/12/18,,24/02/13,,,,24/03/20,26/01/23,,vol.025,Duy,,,
599,429,5,23/11/16,23/12/13,23/12/20,,24/02/13,,,,24/03/13,25/08/19,,vol.025,Duy,,,
597,430,5,23/11/16,23/12/14,23/12/18,,24/02/13,,,,24/03/13,25/08/19,,vol.025,Duy,,,
595,431,5,23/11/16,23/12/14,23/12/18,,24/02/13,,,,24/03/15,25/08/19,,vol.025,Duy,,,
577,432,5,23/11/04,23/12/13,23/12/20,,24/02/13,,,,24/04/10,25/09/17,,vol.025,Duy,,,
573,433,5,23/11/04,23/12/13,23/12/20,,24/02/13,,,,24/04/10,26/01/23,,vol.025,Duy,,,
590,434,5,23/11/16,23/12/14,23/12/18,,24/02/13,,,,24/02/22,25/09/17,24/04/01,vol.019,Duy,,,
588,435,5,23/11/16,23/12/14,23/12/18,,24/02/13,,,,24/02/22,25/09/17,24/04/01,vol.019,Duy,,,
586,436,5,23/11/16,23/12/13,23/12/20,,24/01/23,,,,23/12/05,25/08/04,24/04/01,vol.018,Hieu,,,
607,437,5,23/12/12,24/02/28,24/03/11,24/01/01,24/04/18,,,,24/03/11,24/06/05,24/06/01,Vol.021,Hieu,TRUE,,
608,438,5,23/12/12,24/02/28,24/03/11,24/01/01,24/04/18,,,,24/03/04,24/06/05,24/06/01,Vol.021,Hieu,TRUE,,
611,439,5,23/12/29,24/02/28,24/03/11,24/01/01,24/04/18,,,,24/02/21,24/06/05,24/06/01,Vol.021,Hieu,TRUE,,
613,440,5,23/12/29,24/06/06,24/06/17,24/01/01,24/07/22,,,,24/06/12,26/03/20,24/09/01,vol.023,Hieu,TRUE,,
617,441,5,24/01/02,24/02/28,24/03/11,24/02/01,24/04/18,,,,24/03/04,24/06/05,24/06/01,Vol.021,Hieu,TRUE,,
616,442,5,24/01/02,24/02/28,24/03/11,24/02/01,24/04/18,,,,24/03/04,24/06/05,24/06/01,Vol.021,Hieu,TRUE,,
609,443,5,23/12/12,24/02/28,24/03/11,24/01/01,24/04/18,,,,24/03/08,24/06/05,24/06/01,Vol.021,Hieu,TRUE,,
610,444,5,23/12/12,24/02/28,24/03/11,24/01/01,24/04/18,,,,24/03/05,24/06/05,24/06/01,Vol.021,Hieu,TRUE,,
614,445,5,23/12/29,24/02/28,24/03/11,24/01/01,24/04/18,,,,24/02/21,24/06/05,24/06/01,Vol.021,Hieu,TRUE,,
612,446,5,23/12/29,24/05/02,24/05/10,24/01/01,24/06/05,,,,24/04/24,26/03/04,24/08/01,vol.023,Hieu,TRUE,,
618,447,5,24/01/03,24/02/01,24/02/26,24/02/01,24/04/18,,,,24/03/01,24/06/05,24/06/01,Vol.021,Hieu,TRUE,,
615,448,5,24/01/03,24/02/01,24/02/26,24/02/01,24/04/18,,,,24/03/08,24/06/05,24/06/01,Vol.021,Hieu,TRUE,,
621,449,5,24/03/20,24/03/27,24/03/28,,24/05/07,,,,24/05/14,24/06/21,24/06/01,vol.022,,,,"Nếu đã test sx rồi thì ko cần sx, 150/1 năm. Có đơn rồi chạy"
620,450,5,24/03/08,,,,,,,,,,,,,,,
646,451,5,24/06/21,24/07/11,24/07/25,,24/09/24,,,,24/11/19,24/12/05,24/11/01,vol.024,,TRUE,,
647,452,5,24/06/21,24/07/11,24/07/25,,24/09/24,,,,24/11/20,24/12/04,24/11/01,vol.024,,TRUE,,
648,453,5,24/06/21,24/07/11,24/07/25,,24/09/24,,,,24/11/20,24/12/04,24/11/01,vol.024,,TRUE,,
649,454,5,24/06/21,24/07/11,24/07/25,,24/09/24,,,,24/11/21,24/12/04,24/11/01,vol.024,,TRUE,,
650,455,5,24/06/21,24/07/11,24/07/25,,24/09/24,,,,24/11/21,24/12/04,24/11/01,vol.024,,TRUE,,
655,456,5,24/07/09,24/08/09,24/08/19,,24/10/11,,,,24/09/19,24/12/04,24/11/01,vol.024,,TRUE,,
644,457,5,24/06/17,24/06/28,24/07/08,,24/09/12,,,,24/09/18,24/12/04,24/11/01,vol.024,,TRUE,,
656,458,5,24/07/09,24/08/09,24/08/19,,24/10/11,,,,24/09/19,24/12/04,24/11/01,vol.024,,TRUE,,
657,459,5,24/07/09,24/08/09,24/08/19,,24/10/11,,,,24/09/19,24/12/04,24/11/01,vol.024,,TRUE,,
629,460,5,24/05/09,24/05/28,24/06/03,,24/06/18,,,,24/06/13,24/08/15,24/08/01,vol.024,,TRUE,,
630,461,5,24/05/08,24/05/28,24/06/03,,24/06/18,,,,24/12/17,25/01/06,24/12/01,vol.024,,TRUE,,
631,462,5,24/05/08,24/05/28,24/06/03,,24/06/18,,,,24/12/06,25/01/06,24/12/01,vol.024,,TRUE,,
632,463,5,24/05/13,24/05/28,24/06/03,,24/06/18,,,,24/12/05,25/01/06,24/12/01,vol.024,,TRUE,,
633,464,5,24/05/13,24/05/28,24/06/03,,24/06/18,,,,24/06/13,24/08/15,24/08/01,vol.024,,TRUE,,
725,465,5,24/10/14,,,,,,,,,,,,Tân,TRUE,,
724,466,5,24/10/14,25/11/06,25/11/13,,,,,,,,,,Tân,TRUE,,
723,467,5,24/10/14,,,,,,,,,,,,Tân,TRUE,,
722,468,5,24/10/14,25/03/05,25/03/06,,25/05/19,,,,25/11/11,26/01/23,26/01/01,vol.030,Tân,TRUE,,
695,469,5,24/09/20,24/10/22,24/10/29,,24/12/06,,,,25/02/13,25/03/19,25/03/01,vol.025,Bữu,TRUE,,
696,470,5,24/09/20,24/10/22,24/10/29,,24/12/06,,,,25/02/20,25/03/19,25/03/01,vol.025,Bữu,TRUE,,
697,471,5,24/09/20,24/10/22,24/10/29,,24/12/06,,,,25/02/21,25/03/19,25/03/01,vol.025,Bữu,TRUE,,
698,472,5,24/09/20,25/11/28,25/12/10,,26/01/30,,,,25/12/25,26/04/06,26/06/01,vol.033,Tân,TRUE,,外径NG、ワイヤーカット行い
699,473,5,24/09/20,25/12/24,25/12/30,,26/01/30,,,,,,,,Tân,TRUE,,外径NG、ワイヤーカット行い
700,474,5,24/09/20,,,,,,,,,,,,Tân,TRUE,,外径NG、ワイヤーカット行い
701,475,5,24/09/20,25/12/15,25/12/29,,,,,,,,,,Tân,TRUE,,外径NG、ワイヤーカット行い
702,476,5,24/09/20,24/11/14,24/12/05,,,,,,,,,,Tiến,TRUE,,日本判断NG
707,477,5,24/09/20,,,,,,,,,,,,Tiến,TRUE,,
770,478,5,24/07/11,25/04/22,25/05/07,,25/07/07,,,,25/04/25,25/08/08,25/08/01,vol.028,Dương,,,
706,479,5,24/09/20,24/12/20,25/01/06,,25/02/04,,,,25/04/25,25/06/06,25/06/01,vol.027,Dương,TRUE,,
703,480,5,24/09/20,25/02/12,25/02/18,,25/03/18,,,,25/04/25,25/06/06,25/06/01,vol.027,Dương,TRUE,,
704,481,5,24/09/20,25/01/24,25/02/12,,25/03/07,,,,25/04/25,25/06/06,25/06/01,vol.027,Dương,TRUE,,
705,482,5,24/09/20,25/01/16,25/02/10,,25/03/07,,,,25/04/25,25/06/06,25/06/01,vol.027,Dương,TRUE,,
719,483,5,24/09/30,25/03/17,25/03/27,,25/07/07,,,,25/07/29,25/08/08,25/08/01,vol.028,Dương,TRUE,,
709,484,5,24/09/30,24/11/20,24/12/16,,25/01/08,,,,25/02/17,25/04/02,25/04/01,vol.027,Danh,TRUE,,
711,485,5,24/09/30,24/12/31,25/01/06,,25/02/14,,,,25/02/19,25/04/02,25/04/01,vol.027,Danh,TRUE,,
708,486,5,24/09/30,24/11/14,24/12/05,,25/01/06,,,,25/02/17,25/04/02,25/04/01,vol.027,Danh,TRUE,,
710,487,5,24/09/30,24/11/25,24/12/16,,25/01/08,,,,25/02/18,25/04/15,25/04/01,vol.027,Danh,TRUE,,
718,488,5,24/09/30,24/10/24,24/10/29,,24/12/06,,,,25/02/13,25/03/19,25/03/01,vol.025,Bữu,TRUE,,
716,489,5,24/09/30,24/10/24,24/10/29,,24/11/28,,,,25/02/12,25/03/19,25/03/01,vol.025,Bữu,TRUE,,
717,490,5,24/09/30,24/11/07,24/12/05,,25/01/06,,,,25/02/12,25/03/19,25/03/01,vol.025,Bữu,TRUE,,
712,491,5,24/09/30,,,,,,,,,,,,Tân,TRUE,,停止
713,492,5,24/09/30,,,,,,,,,,,,Tân,TRUE,,停止
714,493,5,24/09/30,,,,,,,,,,,,Tân,TRUE,,停止
715,494,5,24/09/30,,,,,,,,,,,,Tân,TRUE,,停止
732,495,5,24/11/04,24/12/12,24/12/17,,25/01/30,,,,25/02/26,25/04/15,25/05/01,vol.030,Tân,,,
733,496,5,24/11/04,24/12/12,24/12/17,,25/03/19,,,,,26/03/02,,vol.033,Tân,,,
734,497,5,24/11/07,,,,,,,,,,,,Tân,,,V01E=> V01D
735,498,5,24/11/07,,,,,,,,,,,,Tân,,,V01E=> V01D
747,499,5,24/12/06,25/02/10,25/02/13,,25/03/06,,,,25/03/13,25/04/02,25/05/01,vol.027,Danh,,,
748,500,5,24/12/06,25/02/10,25/02/13,,25/03/06,,,,25/03/14,25/04/02,25/05/01,vol.027,Danh,,,
749,501,5,24/12/06,25/02/10,25/02/13,,25/03/06,,,,25/03/17,25/04/02,25/05/01,vol.027,Danh,,,
750,502,5,24/12/06,25/02/10,25/02/13,,25/03/06,,,,25/03/18,25/04/15,25/05/01,vol.027,Danh,,,
771,503,5,25/02/25,25/03/14,25/04/15,,25/05/30,,,,25/03/26,25/07/04,25/07/01,vol.028,Danh,,,
772,504,5,25/02/25,25/03/14,25/04/15,,25/05/30,,,,25/03/26,25/07/04,25/07/01,vol.028,Danh,,,
773,505,5,25/02/25,25/03/26,25/04/15,,25/05/30,,,,25/04/04,25/07/04,25/07/01,vol.028,Danh,,,
774,506,5,25/02/25,25/04/04,25/04/15,,25/05/30,,,,25/04/10,25/07/04,25/07/01,vol.028,Danh,,,
753,507,5,24/11/15,25/02/11,25/02/13,,25/03/04,,,,25/04/25,25/07/04,25/05/01,vol.027,Dương,,,
751,508,5,24/12/24,25/06/17,25/06/27,,25/07/17,,,,25/07/28,25/08/08,25/09/01,vol.028,Tiến,TRUE,,
752,509,5,24/12/24,25/02/12,25/02/13,,25/04/03,,,,25/06/13,25/06/06,25/05/01,vol.027,Dương,TRUE,,
777,510,5,25/02/24,25/04/01,25/04/15,,25/06/05,,TRUE,,25/10/23,25/11/18,,vol.032,Danh,TRUE,,
756,511,5,24/12/24,25/03/19,25/03/27,,25/06/05,,TRUE,2025/12/18,25/10/24,25/11/18,,vol.032,Danh,TRUE,,
755,512,5,24/12/24,25/03/10,25/03/21,,25/06/05,,TRUE,,25/10/28,25/11/18,,vol.032,Danh,TRUE,,
766,513,5,24/12/24,25/03/16,25/03/27,,25/05/21,,TRUE,,25/06/17,25/08/06,25/11/01,vol.029,Tân,TRUE,,
754,514,5,24/11/19,26/04/22,26/05/07,,,,,,,,,,Tân,TRUE,,穴に傷ある、再度修正
731,515,5,24/11/19,25/02/10,25/02/13,,25/05/30,,,,25/04/10,25/07/04,,vol.028,Dương ,TRUE,,
760,516,5,25/01/17,,,,,,,,,,,,Dương,TRUE,,対策型製作：7月製作完了、8月初旬到着
761,517,5,25/01/20,25/04/01,25/04/15,,25/05/20,,,,25/04/21,25/08/04,25/07/01,vol.028,Dương,TRUE,,
762,518,5,25/01/20,25/04/04,25/04/15,,25/05/20,,,,25/04/25,26/03/20,25/10/01,vol.029,Tiến,TRUE,,対策型製作：7月製作完了、8月初旬到着
763,519,5,25/01/17,25/03/27,25/04/15,,25/05/20,,,,25/09/18,26/02/04,,vol.029,Danh,TRUE,,ワイヤーカット修理完了、7/22押出
764,520,5,25/01/17,25/04/17,25/04/25,,25/05/20,,,,25/04/23,25/08/04,25/07/01,vol.028,Danh,TRUE,,
765,521,5,25/01/17,25/04/04,25/04/15,,25/05/20,,,,25/07/29,25/09/17,25/10/01,vol.029,Danh,TRUE,,
767,522,5,25/01/15,25/04/18,25/04/25,,25/05/21,,TRUE,,25/06/25,25/08/06,25/11/01,vol.029,Tân,TRUE,,
809,523,5,25/04/01,25/04/24,25/05/07,,25/07/03,,TRUE,,25/06/17,25/08/04,25/10/01,vol.029,Danh,TRUE,,
849,524,5,25/02/27,25/05/30,25/06/16,,25/08/06,,,,25/10/17,25/11/03,25/11/01,vol.029,Dương,TRUE,,
850,525,5,25/02/27,25/05/30,25/06/16,,25/08/06,,,,25/10/17,25/11/03,25/11/01,vol.029,Dương,TRUE,,
801,526,5,25/03/31,25/04/11,25/04/18,,25/06/09,,,,25/09/26,25/10/21,25/09/01,vol.028,Tân,TRUE,,
803,527,5,25/03/31,25/04/11,25/04/18,,25/06/09,,,,25/09/05,25/10/02,25/09/01,vol.028,Tân,TRUE,,
805,528,5,25/03/31,25/04/14,25/04/18,,25/06/09,,,,25/09/18,25/10/21,25/09/01,vol.028,Tân,TRUE,,
806,529,5,25/03/31,25/04/14,25/04/18,,25/06/09,,,,25/04/14,25/08/19,25/09/01,vol.028,Tân,TRUE,,
802,530,5,25/03/31,25/04/14,25/04/18,,25/06/09,,,,25/09/26,25/10/21,25/09/01,vol.028,Tân,TRUE,,
804,531,5,25/03/31,25/04/28,25/05/12,,25/07/03,,,,25/05/07,25/08/19,25/09/01,vol.028,Tân,TRUE,,修理完了
807,532,5,25/03/31,25/04/11,25/04/18,,25/06/09,,,,25/09/24,25/10/21,25/09/01,vol.028,Tân,TRUE,,
808,533,5,25/03/31,25/04/14,25/04/18,,25/06/09,,,,25/04/14,25/08/08,25/09/01,vol.028,Tân,TRUE,,
845,534,5,25/03/25,25/11/28,25/12/10,,26/05/07,,TRUE,,,,,,Cường,TRUE,,
844,535,5,25/03/25,25/10/30,25/11/06,,,,TRUE,,,,,,Cường,TRUE,,
836,536,5,25/03/25,25/07/08,25/07/16,,,,TRUE,,,,,,Danh,TRUE,,
837,537,5,25/02/27,,,,,,TRUE,,,,,,Danh,TRUE,,
838,538,5,25/03/25,25/07/18,25/07/30,,,,TRUE,,,,,,Danh,TRUE,,
839,539,5,25/03/25,25/07/08,25/07/16,,,,TRUE,,,,,,Danh,TRUE,,
840,540,5,25/03/10,,,,,,,,,,,,Tân,TRUE,,
841,541,5,25/04/01,,,,,,,,,,,,Tân,TRUE,,
842,542,5,25/02/24,,,,,,,,,,,,Tân,TRUE,,
843,543,5,25/04/01,,,,,,,,,,,,Tân,TRUE,,
821,544,5,25/04/22,25/08/28,25/09/15,,25/10/16,,,,25/11/10,25/12/04,26/04/01,vol.030,Tân,,,
820,545,5,25/04/22,,,,,,,,,,,,Tân,,,
828,546,5,25/05/09,,,,,,,,,,,,Tân,,,
822,547,5,25/04/22,,,,,,,,,,,,Tân,,,
830,548,5,25/05/09,,,,,,,,,,,,Tân,,,
834,549,5,25/06/06,,,,,,,,,,,,Tân,,,
833,550,5,25/06/06,,,,,,,,,,,,Tân,,,
813,551,5,25/04/23,25/05/14,25/05/23,,25/10/03,,,,26/03/06,26/03/20,,vol.032,Danh,,,
814,552,5,25/04/23,25/05/14,25/05/23,,25/10/03,,,,25/08/27,,,vol.032,Danh,,TRUE,
815,553,5,25/04/23,25/05/14,25/05/23,,25/10/03,,,,25/08/27,,,vol.032,Danh,,TRUE,
816,554,5,25/04/23,25/05/14,25/05/23,,25/10/03,,,,25/08/28,,,vol.032,Danh,,TRUE,
817,555,5,25/04/23,25/05/14,25/05/23,,25/10/03,,,,25/08/28,,,vol.032,Danh,,TRUE,
818,556,5,25/04/23,25/05/14,25/05/23,,25/10/03,,,,25/08/28,,,vol.032,Danh,,TRUE,
819,557,5,25/04/23,25/05/14,25/05/23,,25/10/03,,,,25/08/28,,,vol.032,Danh,,TRUE,
832,558,5,25/05/09,26/01/30,26/02/09,,26/04/09,,,,,,,vol.034,Tân,,TRUE,
824,559,5,25/04/23,26/01/26,26/01/29,,26/04/03,,,,,,,vol.034,Tân,,TRUE,
829,560,5,25/05/09,26/01/21,26/01/22,,26/04/09,,,,,,,vol.034,Tân,,TRUE,
823,561,5,25/04/22,26/03/19,26/04/01,,,,,,,,,,Tân,,,
831,562,5,25/05/09,26/03/12,26/03/26,,,,,,,,,,Tân,,,
825,563,5,25/04/23,25/05/22,25/06/04,,25/01/06,,,,26/03/09,,,vol.032,Tân,,TRUE,
826,564,5,25/04/23,26/01/30,26/02/09,,26/04/09,,,,,,,vol.034,Tân,,TRUE,
846,565,5,25/05/05,,,,,,TRUE,,,,,,Cường,,,
847,566,5,25/05/05,,,,,,TRUE,,,,,,Cường,,,
867,567,5,25/05/19,,,,,,TRUE,,,,,,Cường,,,
868,568,5,25/05/19,,,,,,TRUE,,,,,,Cường,,,
848,569,5,25/05/05,,,,,,TRUE,,,,,,Cường,,,
827,570,5,25/06/06,26/03/05,,,,,TRUE,,,,,,Tân,,,
876,571,5,25/06/05,,,,,,TRUE,,,,,,Tân,,,
877,572,5,25/06/05,,,,,,TRUE,,,,,,Tân,,,
898,573,5,25/06/18,,,,,,TRUE,,,,,,Tân,,,
899,574,5,25/06/18,,,,,,TRUE,,,,,,Tân,,,
835,575,5,25/05/09,,,,,,TRUE,,,,,,Tân,,,
878,576,5,25/06/06,,,,,,TRUE,,,,,,Tân,,,
872,577,5,25/05/21,25/07/29,25/08/08,,25/10/22,,,,25/11/11,25/12/15,25/12/01,vol.030,Tiến,,,
870,578,5,25/05/21,25/07/18,25/07/30,,25/10/22,,,,25/11/19,25/12/04,25/12/01,vol.031,Tiến,,,14inch
871,579,5,25/05/21,25/07/18,25/07/30,,,,,,25/11/07,,,,Tiến,,,
869,580,5,25/05/21,25/07/11,25/07/23,,25/09/02,,,,25/09/19,25/11/04,25/12/01,vol.029,Tiến,,,
873,581,5,25/05/21,25/07/11,25/07/23,,25/09/02,,,,25/09/19,25/11/04,25/11/01,vol.029,Tiến,,,
874,582,5,25/06/06,25/06/20,25/06/23,,25/07/14,,,,25/07/08,25/08/04,25/08/01,vol.029,Tân,,,
875,583,5,25/06/06,25/06/18,25/06/23,,25/07/14,,,,25/07/11,25/08/04,25/08/01,vol.029,Tân,,,
882,584,5,25/01/04,25/06/27,25/07/02,,25/08/08,,,,25/10/21,25/11/21,25/12/01,vol.030,Tiến,,,
883,585,5,25/01/04,25/06/27,25/07/02,,25/08/08,,,,25/10/22,25/11/21,25/12/01,vol.030,Tiến,,,
884,586,5,25/01/04,25/08/08,25/08/18,,25/10/20,,,,25/12/29,25/12/15,26/01/01,vol.030,Tiến,,,
885,587,5,25/01/04,25/08/26,25/09/15,,25/11/04,,,,25/11/10,25/12/04,26/01/01,vol.031,Tiến,,,
887,588,5,25/01/04,25/07/11,25/07/23,,25/09/02,,,,25/09/19,25/11/04,25/11/01,vol.029,Tiến,,,
888,589,5,25/03/04,25/07/01,25/07/08,,,,,,,,,,Tiến,,,NG日本型検NG
889,590,5,25/04/11,25/06/27,25/07/02,,25/08/08,,,,25/10/23,25/11/21,25/12/01,vol.030,Tiến,,,
896,591,5,25/04/11,25/07/01,25/07/08,,25/08/08,,,,25/10/23,25/11/21,25/12/01,vol.030,Tiến,,,
897,592,5,25/04/11,25/07/08,25/07/16,,25/09/02,,,,25/10/27,25/11/21,25/12/01,vol.030,Tiến,,,
881,593,5,25/04/11,25/07/01,25/07/08,,25/08/08,,,,25/10/28,25/11/21,25/12/01,vol.030,Tiến,,,
879,594,5,25/04/11,25/07/01,25/07/08,,25/08/08,,,,25/10/27,25/11/21,25/12/01,vol.030,Tiến,,,
880,595,5,25/04/11,25/07/01,25/07/08,,25/08/08,,,,25/10/27,25/11/21,25/12/01,vol.030,Tiến,,,
903,596,5,25/07/04,25/09/12,25/09/26,,,,,,26/01/28,,26/06/01,vol.032,Tiến,,,V02対応
901,597,5,25/07/04,25/08/26,25/09/11,,25/10/22,,,,25/11/03,25/12/04,26/01/01,vol.031,Tiến,,,
902,598,5,25/07/04,25/09/08,25/09/26,,25/10/29,,,,25/11/03,25/12/04,25/12/01,vol.030,Tiến,,,
900,599,5,25/07/04,25/09/16,25/09/26,,25/10/29,,,,26/02/26,,26/06/01,,Tiến,,,
904,600,5,25/07/04,25/07/28,25/08/08,,25/09/08,,,,25/10/24,25/12/15,25/12/01,vol.030,Tiến,,,
905,,5,25/07/10,25/08/17,25/07/30,,,,,,,26/02/25,,,Tân,,,
936,601,5,25/07/11,25/09/08,25/09/26,,25/10/23,,,,25/11/26,26/02/04,26/01/01,vol.031,Tiến,,,
917,602,5,25/07/18,25/08/08,25/08/18,,25/09/17,,,,25/10/14,25/11/03,25/11/01,vol.029,Tiến,,,
918,603,5,25/07/18,25/08/08,25/08/18,,25/09/17,,,,25/10/15,25/11/03,25/11/01,vol.029,Tiến,,,
920,604,5,25/07/18,25/08/08,25/08/18,,25/09/17,,,,25/10/16,25/11/03,25/11/01,vol.029,Tiến,,,
919,605,5,25/07/18,25/08/08,25/08/18,,25/09/17,,,,25/10/17,25/11/03,25/11/01,vol.029,Tiến,,,
915,606,5,25/07/18,,,,,,,,,,,,Tiến,,,
916,607,5,25/07/18,25/08/08,25/08/18,,25/09/17,,,,25/10/21,25/11/03,25/11/01,vol.029,Tiến,,,
914,608,5,25/07/18,,,,,,,,,,,,Tiến,,,
913,609,5,25/07/18,,,,,,,,,,,,Tiến,,,
925,610,5,25/08/07,25/09/08,25/09/26,,25/10/28,,,,25/11/12,26/01/07,26/01/01,vol.030,Hoàng,,,
927,611,5,25/08/07,25/08/28,25/09/15,,25/10/28,,,,25/11/26,26/02/04,26/01/01,vol.031,Hoàng,,,
926,612,5,25/08/07,,,,,,,,,,,,Hảo,,,
928,613,5,25/08/08,,,,,,,,,,,,Tiến,,,
930,,5,25/08/12,25/08/29,25/09/18,,25/10/15,,,,25/09/05,25/11/18,25/11/01,vol.030,Tiến,,,
931,,5,25/08/12,25/08/28,25/09/15,,,,,,,25/10/21,,vol.029,Tiến,,,
946,614,5,25/08/15,25/11/06,25/11/13,,,,,,,,,,Phát,,,
947,615,5,25/08/15,25/10/30,25/11/06,,,,,,,,,,Phát,,,
948,616,5,25/08/15,25/11/10,25/11/13,,,,,,,,,,Hoàng,,,
949,617,5,25/08/15,25/11/06,25/11/13,,,,,,,,,,Hoàng,,,
950,618,5,25/08/15,26/04/17,26/04/24,,,,,,,,,,Hoàng,,,
951,619,5,25/08/15,26/02/03,26/02/24,,,,,,,,,,Phát,,,
952,620,5,25/08/15,25/12/24,25/12/30,,,,,,,,,,Phát,,,
953,621,5,25/08/15,,,,,,,,,,,,Tiến,,,
944,622,5,25/08/15,25/10/30,25/11/06,,25/12/16,,,,26/01/14,26/03/20,26/02/01,vol.032,Phát,,,
945,623,5,25/08/15,25/10/31,25/11/06,,,,,,,,,,Phát,,,
942,624,5,25/08/22,25/09/09,25/09/26,,25/10/27,,,,25/10/10,25/11/21,26/01/01,vol.030,,,,
955,625,5,25/08/22,25/11/03,25/11/06,,,,,,,,,,Hoàng,,,
956,626,5,25/08/22,25/10/31,25/11/06,,,,,,,,,,Hoàng,,,
941,627,5,25/08/22,25/09/09,25/09/26,,25/10/27,,,,25/10/13,25/11/21,26/01/01,vol.030,,,,
943,628,5,25/08/22,25/10/06,25/10/08,,25/11/17,,,,25/11/26,26/02/04,26/01/01,vol.031,Hoàng,,,
962,629,5,25/09/08,,,,,,,,,,,,Tiến,,,
959,630,5,25/09/08,,,,,,,,,,,,Tiến,,,
961,631,5,25/09/08,,,,,,,,,,,,Tiến,,,
960,632,5,25/09/08,,,,,,,,,,,,Tiến,,,
957,633,5,25/09/08,,,,,,,,,,,,Tiến,,,
958,634,5,25/09/08,,,,,,,,,,,,Tiến,,,
964,635,5,25/09/23,,,,,,,,,,,,Hảo,,,
965,636,5,25/09/23,,,,,,,,,,,,Hảo,,,
967,637,5,25/09/23,,,,,,,,,,,,Hảo,,,
966,638,5,25/09/24,,,,,,,,,,,,Hảo,,,
968,639,5,25/09/24,,,,,,,,,,,,Hảo,,,
972,640,5,25/09/24,,,,,,,,,,,,Hảo,,,
969,641,5,25/09/24,,,,,,,,,,,,Hảo,,,
971,642,5,25/10/15,25/11/03,25/11/06,,25/12/11,,,,26/01/15,26/03/20,26/02/01,vol.032,,,,
970,643,5,25/10/15,,,,,,,,,,,,Hảo,,,
996,644,5,25/10/17,26/01/20,26/01/27,,,,,,,26/02/04,,,,,,Khuôn dự bị của MSQ30B2
995,645,5,25/10/17,25/01/12,26/01/16,,,,,,,26/01/20,,,,,,
1003,646,5,25/10/23,26/05/04,26/05/07,,,,,,,,,,Hoàng,,,生産を停止=>設計変更
1054,647,5,25/11/11,26/01/22,26/01/29,,,,,,,,,,,,TRUE,"Khuôn giống khuôn C, coating maker C không được => Maker D
金型移管予定"
1009,648,5,25/11/12,25/11/19,25/11/27,,26/01/30,,,,26/03/03,26/03/20,26/06/01,vol.033,Tân,,,Khuôn đối sách V01E
1010,649,5,25/11/12,25/11/19,25/11/13,,26/02/03,,,,,,26/06/01,,Tân,,TRUE,Khuôn đối sách V01E deadline 20/3
1011,650,5,25/11/12,25/11/26,25/12/10,,26/01/30,,,,,,26/06/01,vol.034,Tân,,TRUE,Khuôn đối sách V01E
1012,651,5,25/11/12,25/11/26,25/12/10,,26/01/30,,,,,,26/06/01,vol.034,Tân,,TRUE,Khuôn đối sách V01E
1013,652,5,25/11/12,25/11/26,25/12/10,,26/02/03,,,,,,26/06/01,vol.034,Tân,,TRUE,Khuôn đối sách V01E
1015,653,5,25/11/18,25/12/19,25/12/30,,26/02/03,,,,,,26/06/01,,Tân,,TRUE,Khuôn đối sách V01E deadline 20/3
1069,654,5,25/12/29,26/01/28,26/02/09,,,,,,,,,,Tiến,TRUE,,立上げ納期確認中
1050,655,5,25/12/19,26/01/27,26/02/06,,,,,,,,,,Tiến,TRUE,,立上げ納期確認中
1051,656,5,25/12/19,26/01/27,26/02/06,,,,,,,,,,Tiến,TRUE,,立上げ納期確認中
1070,657,5,25/12/30,26/01/29,26/02/09,,,,,,,,,,Tiến,TRUE,,立上げ納期確認中
1053,658,5,25/12/19,26/01/27,26/02/06,,,,,,,,,,Tiến,TRUE,,立上げ納期確認中
1071,659,5,26/01/12,26/01/30,26/02/09,,,,,,,,,,Tiến,TRUE,,立上げ納期確認中
1073,660,5,25/12/30,26/02/06,26/02/26,,,,,,,,,,Tiến,TRUE,,立上げ納期確認中
1092,661,5,25/12/29,26/02/24,26/03/09,,,,,,,,,,Tiến,TRUE,,立上げ納期確認中
1088,662,5,25/12/19,26/02/24,26/03/09,,,,,,,,,,Tiến,TRUE,,立上げ納期確認中
1093,663,5,25/12/29,26/02/24,26/03/09,,,,,,,,,,Tiến,TRUE,,立上げ納期確認中
1075,664,5,25/12/30,,,,,,,,,,,,Tiến,TRUE,,立上げ納期確認中
1077,665,5,25/12/30,26/05/04,26/05/07,,,,,,,,,,Tiến,TRUE,,立上げ納期確認中
1094,666,5,26/01/12,,,,,,,,,,,,Tiến,TRUE,,立上げ納期確認中
1085,667,5,26/01/12,,,,,,,,,,,,Tiến,TRUE,,立上げ納期確認中
1078,668,5,25/12/29,26/02/05,26/02/24,,,,,,,,,,Tiến,TRUE,,立上げ納期確認中
1090,669,5,26/01/12,26/05/22,,,,,,,,,,,Tiến,TRUE,,立上げ納期確認中
1095,670,5,25/12/30,26/02/10,26/03/05,,,,,,,,,,Tiến,TRUE,,立上げ納期確認中
1097,671,5,25/12/30,26/02/10,26/03/05,,,,,,,,,,Tiến,TRUE,,立上げ納期確認中
1076,672,5,25/12/30,26/02/05,26/02/24,,,,,,,,,,Tiến,TRUE,,立上げ納期確認中
1096,673,5,25/12/29,,,,,,,,,,,,Tiến,TRUE,,立上げ納期確認中
1086,674,5,26/01/12,,,,,,,,,,,,Tiến,,,立上げ納期26/3月
1021,675,5,25/11/24,25/12/15,25/12/29,,26/02/27,,,,26/04/10,26/05/07,,vol.033,Tân,,,立上げ納期26/3月
1026,676,5,25/12/04,25/12/29,26/01/16,,26/02/27,,,,26/04/10,26/05/07,,vol.033,Hoàng,,,立上げ納期26/3月
1025,677,5,25/12/04,26/01/16,26/01/22,,26/04/02,,,,,,,,Hoàng,,TRUE,立上げ納期26/3月
1162,678,5,26/03/11,,,,,,,,,,,,Tân,,,立上げ納期26/3月
1161,679,5,26/03/11,,,,,,,,,,,,Hảo,,,立上げ納期26/3月
1016,680,5,,25/11/25,25/11/27,,26/02/05,,,,,,,vol.034,Vui,TRUE,TRUE,立上げ納期25/12月
1017,681,5,25/11/18,25/11/25,25/11/27,,26/02/05,,,,,,,vol.034,Vui,TRUE,TRUE,立上げ納期25/12月
1155,682,5,25/11/28,,,,,,TRUE,,,,,,Cường,,,立上げ納期26/8月
1156,683,5,25/11/28,,,,,,TRUE,,,,,,Cường,,,立上げ納期26/8月
1153,684,5,25/11/28,,,,,,TRUE,,,,,,Cường,,,立上げ納期26/8月
1154,685,5,25/11/28,,,,,,TRUE,,,,,,Cường,,,立上げ納期26/8月
1027,686,5,25/12/03,25/12/24,25/12/30,,26/02/05,,,,,,,,Cường,,TRUE,立上げ納期26/3月
1028,687,5,25/12/03,,,  ,,,,,,,,,Cường,,,立上げ納期26/3月
1029,688,5,25/12/03,,,,,,,,,,,,Cường,,,立上げ納期26/3月
1165,689,5,25/12/29,,,,,,,,,,,,Hảo,,,立上げ納期26/3月
1117,690,5,25/11/25,26/03/26,26/04/13,,,,,,,26/05/07,,,,,,
1110,691,5,25/11/25,,,,,,,,,,,,Hảo,,,
1024,692,5,25/12/02,26/01/21,26/01/27,,,,,,,,,,,,,
1023,693,5,25/12/02,25/12/24,25/12/30,,26/02/27,,,,,,,,Hoàng,,TRUE,deadline 21/04
1022,694,5,25/12/02,26/01/21,26/01/27,,26/03/31,,,,,,,,Tân,,TRUE,deadline 21/04
1174,695,,26/05/04,,,,,,,,,,,,Hảo,,,
1175,696,,26/05/04,,,,,,,,,,,,Hảo,,,
1144,697,,26/05/05,26/05/14,26/05/20,,,,,,,,,,Hảo,,,
1163,698,,26/05/15,,,,,,,,,,,,,,,
1164,699,,26/05/15,,,,,,,,,,,,,,,
147,28,1,21/12/27,22/08/19,22/09/14,,22/10/04,,,,,22/12/21,,,,,,2022/12/21
148,27,1,21/12/27,22/08/22,22/09/14,,22/10/04,,,,,22/06/20,,,,,,2022/12/21
495,2,4,23/08/28,23/10/25,23/10/31,,,,,,,23/12/01,,,,,,2023/12/1
509,1,4,23/08/29,24/05/24,24/06/03,,,,,,,25/11/18,,,,,,1899/12/30
499,3,4,23/08/29,24/01/09,24/01/19,,,,,,,25/11/18,,,,,,1899/12/30
508,4,4,23/08/29,23/10/25,23/10/31,,,,,,,23/12/01,,,,,,2023/12/1
664,9,3,24/08/02,24/08/16,24/08/27,,,,,,24/12/03,25/05/07,,,,,,2025/5/7
666,10,3,24/08/02,24/08/16,24/08/27,,,,,,24/12/03,25/05/07,,,,,,2025/5/7
668,11,3,24/08/02,24/08/16,24/08/27,,,,,,24/11/05,25/05/07,,,,,,2025/5/7
670,12,3,24/08/02,24/08/16,24/08/27,,,,,,24/09/10,25/05/07,,,,,,2025/5/7
672,13,3,24/08/02,24/08/16,24/08/27,,,,,,24/12/05,25/05/07,,,,,,2025/5/7
674,14,3,24/08/02,24/08/16,24/08/27,,,,,,24/12/04,25/05/07,,,,,,2025/5/7
795,15,3,25/01/25,25/09/18,25/09/26,,,,,,,26/03/13,,,,,,#N/A
893,16,3,25/06/06,25/07/29,25/08/05,,,,,,,25/10/02,,,,,,#N/A
319,43,2,22/11/14,23/04/05,23/04/11,,,,,,,26/01/07,,,,,,1899/12/30
339,37,2,22/11/23,23/04/11,22/11/23,,,,,,,23/07/07,,,,,,2023/7/7
324,44,2,22/11/14,23/04/05,23/04/11,,,,,,,24/02/05,,,,,,1899/12/30
334,38,2,22/11/23,23/04/11,23/04/21,,,,,,,23/07/07,,,,,,2023/7/7
328,45,2,22/11/21,23/04/05,23/04/11,,,,,,,26/01/07,,,,,,#N/A
335,39,2,22/11/23,23/04/11,23/04/21,,,,,,,23/07/07,,,,,,2023/7/7
325,46,2,22/11/21,23/04/24,23/05/05,,,,,,,26/01/09,,,,,,#N/A
331,40,2,22/11/23,23/04/11,23/04/21,,,,,,,23/07/07,,,,,,2023/7/7
329,47,2,22/11/21,23/04/24,23/05/05,,,,,,,20/01/01,,,,,,金型移管完了　日程無
332,41,2,22/11/23,23/04/11,23/04/21,,,,,,,23/07/07,,,,,,2023/7/7
429,48,2,23/04/10,24/04/12,24/04/25,,,,,,,26/02/25,,,,,,1899/12/30
347,42,2,22/11/29,23/04/24,23/05/05,,,,,,,23/07/07,,,,,,2023/7/7
780,,,25/02/27,25/09/18,25/09/23,,,,,,,26/03/13,,,,,,
781,,,25/02/27,25/09/18,25/09/23,,,,,,,,,,,,TRUE,
782,,,25/02/27,25/09/18,25/09/23,,,,,,,,,,,,TRUE,
359,99,2,23/02/08,23/05/06,23/05/06,,,,,,,24/02/01,,,,,,1899/12/30
361,1,2,23/02/08,,,,,,,,,23/12/08,,,,,,2023/12/8
783,,2,25/02/24,25/09/09,25/09/16,,,,,,,,,,,,TRUE,
357,100,2,23/02/08,23/05/06,23/05/06,,,,,,,24/02/01,,,,,,1899/12/30
358,3,2,23/02/08,23/05/06,23/05/06,,,,,,,23/12/08,,,,,,2023/12/8
475,5,4,23/08/17,23/09/07,23/09/29,,,,,,,23/10/24,,,,,,2023/10/24
476,6,4,23/08/17,23/09/07,23/09/29,,,,,,,23/10/24,,,,,,2023/10/24
338,27,2,22/11/23,23/05/10,23/05/16,,,,,,,23/05/25,,,,,,2023/5/25
320,28,2,22/11/14,23/05/10,23/05/16,,,,,,,23/05/25,,,,,,2023/5/25
344,29,2,22/11/29,23/04/01,23/04/09,,,,,,,23/05/25,,,,,,2023/5/25
323,30,2,22/11/14,23/04/01,23/04/09,,,,,,,23/05/25,,,,,,2023/5/25
336,31,2,22/11/23,23/04/01,23/04/09,,,,,,,23/05/25,,,,,,2023/5/25
322,32,2,22/11/14,23/04/01,23/04/09,,,,,,,23/05/25,,,,,,2023/5/25
340,33,2,22/11/23,23/04/01,23/04/09,,,,,,,23/05/25,,,,,,2023/5/25
321,34,2,22/11/14,23/04/01,23/04/09,,,,,,,23/05/25,,,,,,2023/5/25
651,1,3,24/06/21,24/07/25,24/08/09,,,,,,24/07/17,25/01/07,,,,,,2025/1/7
652,2,3,24/06/21,24/08/02,24/08/27,,,,,,,25/01/07,,,,,,#N/A
653,3,3,24/06/28,24/08/16,24/08/27,,,,,,,25/05/07,,,,,,#N/A
654,4,3,24/06/28,24/09/02,24/08/27,,,,,,,25/01/07,,,,,,#N/A
316,17,2,22/11/02,23/04/20,23/04/25,,,,,,,23/05/25,,,,,,2023/5/25
796,85,2,25/03/25,,,,,,,,,,,,,,,#N/A
312,18,2,22/11/02,23/04/20,23/04/25,,,,,,,23/05/25,,,,,,2023/5/25
797,86,2,25/03/25,25/09/12,25/09/25,,,,,,,26/03/04,,,,,,#N/A
315,19,2,22/11/02,23/05/25,23/06/03,,,,,,,23/07/07,,,,,,2023/7/7
443,4,2,23/05/23,23/10/03,23/10/06,,,,,,,,,,,,,TOOL JIG
546,7,4,23/09/29,23/10/26,23/11/06,,,,,,,24/02/19,,,,,,1899/12/30
859,87,2,25/05/21,25/08/12,25/08/15,,,,,,,26/03/20,,,,,,#N/A
311,20,2,22/11/02,23/04/19,23/04/20,,,,,,,23/05/25,,,,,,2023/5/25
857,88,2,25/05/21,26/03/11,26/03/26,,,,,,,20/01/01,,,,,,金型移管完了　日程無
313,21,2,22/11/02,23/04/19,23/04/25,,,,,,,23/05/25,,,,,,2023/5/25
855,89,2,25/05/19,25/06/27,25/07/02,,,,,,,26/03/04,,,,,,#N/A
190,18,1,22/05/05,23/08/25,23/09/29,,,,,,22/11/05,23/10/25,,,,,,2023/10/24
309,22,2,22/11/09,23/04/20,23/04/25,,,,,,,23/05/25,,,,,,2023/5/25
562,8,4,23/10/24,23/11/14,23/11/20,,,,,,,24/02/19,,,,,,1899/12/30
1032,5,5,25/12/10,25/12/26,26/01/16,,,,,,,,,,,,TRUE,
856,90,2,25/05/19,25/06/27,25/07/02,,,,,,,25/10/02,,,,,,#N/A
191,19,1,22/05/05,22/08/18,,,,,,,,23/10/25,,,,,,2023/10/24
1033,6,5,25/12/10,25/12/26,26/01/16,,,,,,,,,,,,TRUE,
851,91,2,25/05/19,25/06/27,25/07/02,,,,,,,26/03/13,,,,,,#N/A
183,20,1,22/04/06,23/09/14,23/09/29,,,,,,,23/10/25,,,,,,2023/10/24
909,92,2,25/07/11,25/08/20,25/08/26,,,,,,,26/03/04,,,,,,#N/A
659,3,5,24/07/09,25/04/28,25/05/08,,,,,,,,,,,,TRUE,
910,14,5,25/07/11,25/10/21,25/10/27,,,,,,,26/03/20,,,,,,
1041,12,5,25/12/03,,,,,,,,,,,,,,,
660,4,5,24/07/09,25/04/28,25/05/08,,,,,,,,,,,,TRUE,
794,15,5,25/03/24,26/04/14,26/04/24,,,,,,,20/01/01,,,,,,金型移管完了　日程無
1140,13,5,26/03/24,,,,,,,,,,,,,,,
395,24,4,23/05/16,23/07/19,25/05/08,,,,,,,23/09/22,,,,,,2023/9/22
181,29,1,22/03/24,22/09/21,25/06/19,,,,,,,24/02/01,,,,,,1899/12/30
258,30,1,22/06/07,23/02/22,25/05/08,,,,,,,23/05/10,,,,,,2023/5/10
259,31,1,22/06/07,23/01/06,25/06/19,,,,,,,23/10/05,,,,,,2023/10/5
201,32,1,22/06/07,23/03/30,25/05/08,,,,,,,24/02/01,,,,,,1899/12/30
560,9,4,23/10/24,23/12/05,25/06/19,,,,,,23/11/28,26/04/01,,,,,,1899/12/30
541,10,4,23/10/06,23/10/25,25/05/08,,,,,,,25/06/18,,,,,,1899/12/30
542,11,4,23/10/06,23/11/14,25/06/19,,,,,,,24/02/19,,,,,,1899/12/30
561,12,4,23/10/24,23/11/29,25/05/08,,,,,,,24/02/19,,,,,,1899/12/30
163,22,1,22/01/17,22/08/23,25/06/19,,,,,,,22/06/20,,,,,,2022/12/21
164,23,1,22/01/17,24/01/04,25/05/08,,,,,,,20/01/01,,,,,,金型移管完了　日程無
182,24,1,22/04/01,23/12/13,25/06/19,,,,,,,25/07/04,,,,,,1899/12/30
496,71,2,23/08/29,23/10/03,25/05/08,,,,,,24/07/16,25/07/04,,,,,,1899/12/30
497,72,2,23/08/29,24/12/16,25/06/19,,25/02/13,,,,24/12/24,25/02/14,25/03/01,,TÀI,,,1899/12/30
510,73,2,23/08/29,24/03/06,25/05/08,,,,,,24/04/25,25/02/14,,,TÀI,,,1899/12/30
502,74,2,23/08/29,23/12/11,25/06/19,,,,,,24/12/12,25/07/04,,,,,,1899/12/30
514,75,2,23/09/11,24/03/08,25/05/08,,,,,,,25/07/04,,,TÀI,,,1899/12/30
511,76,2,23/09/11,24/12/31,25/06/19,,,,,,24/12/25,25/02/14,,,TÀI,,,1899/12/30
1055,167,5,25/12/29,,,,,,,,,,,,,,,
1056,168,5,26/01/12,,,,,,,,,,,,,,,
1057,169,5,26/01/12,26/01/16,26/01/22,,,,,,,26/04/06,,,,,,
1058,170,5,26/01/12,26/02/09,26/02/26,,,,,,,26/04/06,,,,,,
1018,171,5,25/11/14,26/05/15,,,,,,,,,,,,,,
1059,172,5,26/01/12,26/01/28,26/02/09,,,,,,,26/04/06,,,,,,
1134,173,5,26/03/18,,,,,,,,,,,,,,,
1060,174,5,26/01/12,26/04/10,26/04/24,,,,,,,20/01/01,,,,,,金型移管完了　日程無
1061,175,5,26/01/12,26/04/14,26/04/24,,,,,,,20/01/01,,,,,,金型移管完了　日程無
1115,52,4,26/03/10,26/03/20,26/04/08,,,,,,,26/05/07,,,,,,
145,1,1,21/12/01,22/04/04,25/06/19,,22/05/16,,,,22/11/02,22/05/10,,,,,,2022/5/10
144,3,1,21/12/01,22/04/04,25/05/08,,22/05/10,,,,22/09/12,22/05/10,,,,,,2022/5/10
479,13,4,23/08/17,23/09/07,25/06/19,,,,,,,23/10/25,,,,,,2023/10/24
784,121,5,25/02/24,25/06/13,25/06/19,,,,,,,26/03/04,,,,,,
1004,6,3,25/10/30,,,,,,,,,,,,,,,#N/A
908,8,3,25/04/03,,,,,,,,,,,,,,TRUE,
494,14,4,23/08/24,23/09/07,23/09/29,,,,,,,23/10/24,,,,,,2023/10/24
676,17,3,24/08/02,24/08/30,24/09/01,,,,,,,25/10/02,,,,,,#N/A
477,15,4,23/08/17,23/08/31,23/09/29,,,,,,,23/10/25,,,,,,2023/10/24
678,18,3,24/08/02,24/08/30,24/09/01,,,,,,,25/06/18,,,,,,#N/A
785,32,5,25/02/24,25/04/28,25/05/08,,,,,,,26/03/13,,,,,,
680,19,3,24/08/02,24/08/30,25/09/29,,,,,,,25/06/18,,,,,,#N/A
786,33,5,25/02/24,25/04/28,25/05/08,,,,,,,,,,,,TRUE,
985,31,3,25/10/03,,,,,,,,,,,,,,,#N/A
798,34,5,25/03/10,25/11/10,25/11/13,,,,,,,,,,,,TRUE,
986,32,3,25/10/03,,,,,,,,,,,,,,,#N/A
799,35,5,25/03/10,25/11/10,25/11/13,,,,,,,,,,,,TRUE,
987,33,3,25/10/03,,,,,,,,,,,,,,,#N/A
478,16,4,23/08/17,23/08/24,23/09/26,,,,,,,23/10/06,,,,,,2023/10/5
1006,17,4,25/10/30,,,,,,,,,,,,,,,#N/A
337,52,2,22/11/23,23/07/05,23/07/17,,,,,,,23/09/14,,,,,,2023/8/30
345,53,2,22/11/29,23/07/05,23/07/17,,,,,,,23/09/14,,,,,,2023/8/30
346,54,2,22/11/29,23/06/14,23/06/26,,,,,,,23/09/14,,,,,,2023/8/30
342,55,2,22/11/29,23/06/14,23/06/26,,,,,,,23/09/14,,,,,,2023/8/30
457,56,2,23/05/24,23/08/31,23/09/29,,,,,,,23/10/24,,,,,,2023/10/24
456,57,2,23/05/24,23/08/31,23/09/29,,,,,,,23/10/24,,,,,,2023/10/24
934,42,5,25/08/19,25/09/26,25/09/29,,,,,,,26/03/20,,,,,,
933,44,5,25/08/19,,,,,,,,,,,,,,,
1014,46,5,25/11/11,,,,,,,,,,,,,,,
333,58,2,22/11/23,23/07/03,23/07/17,,,,,,,23/09/14,,,,,,2023/8/30
348,59,2,22/11/29,23/07/03,23/07/17,,,,,,,23/09/14,,,,,,2023/8/30
330,60,2,22/11/21,23/05/25,23/06/03,,,,,,,23/09/14,,,,,,2023/8/30
341,61,2,22/11/29,23/06/14,23/06/26,,,,,,,23/09/14,,,,,,2023/8/30
516,62,2,23/05/24,23/11/28,23/12/07,,,,,,,25/07/04,,,,,,1899/12/30
517,63,2,23/05/24,23/11/07,23/11/20,,,,,,,25/07/04,,,,,,1899/12/30
935,41,5,25/08/19,25/10/02,25/10/07,,,,,,,26/03/20,,,,,,
779,43,5,25/01/25,25/10/02,25/10/07,,,,,,,26/03/13,,,,,,
1047,45,5,25/11/25,,,,,,,,,,,,,,,
939,50,5,25/08/22,25/10/03,25/10/08,,,,,,,,,,,,TRUE,
940,51,5,25/08/22,25/10/03,25/10/08,,,,,,,,,,,,TRUE,
583,32,4,23/11/06,23/12/27,24/01/04,,,,,,24/12/29,26/01/19,,,,,,1899/12/30
584,33,4,23/11/06,23/12/11,23/12/20,,,,,,25/06/03,20/01/01,,,,,,金型移管完了　日程無
492,23,4,23/08/28,23/09/19,23/09/29,,,,,,,24/02/20,,,,,,1899/12/30
513,19,4,23/09/11,,,,,,,,,,,,TÀI,,,1899/12/30
500,20,4,23/08/29,23/11/17,23/11/27,,,,,,,23/10/05,,,,,,1899/12/30
937,21,4,25/08/22,,,,,,,,,,,,,,,#N/A
938,22,4,25/08/22,,,,,,,,,,,,,,,#N/A
912,62,5,25/06/18,25/10/21,25/10/27,,,,,,,26/03/13,,,,,,
907,63,5,25/06/18,25/08/20,25/08/26,,,,,,,,,,,,TRUE,
158,37,1,21/12/27,23/05/10,23/05/16,,,,,,,23/08/04,,,,,,2023/8/4
154,38,1,21/12/27,23/05/06,23/05/17,,,,,,,23/08/04,,,,,,2023/8/4
159,39,1,21/12/27,23/04/21,23/05/05,,,,,,,23/08/04,,,,,,2023/8/4
165,40,1,22/01/17,23/09/07,23/09/29,,,,,,,23/12/01,,,,,,2023/12/1
493,25,4,23/08/28,24/06/06,24/06/20,,,,,,,26/01/09,,,TÀI,,,
624,26,4,24/05/02,24/06/06,24/06/20,,,,,,,26/01/09,,,TÀI,,,
625,27,4,24/05/02,24/05/24,24/06/04,,,,,,,26/01/09,,,TÀI,,,
626,28,4,24/05/02,,,,,,,,,,,,TÀI,,,
627,29,4,24/05/02,24/05/24,24/06/04,,,,,,,26/01/23,,,TÀI,,,
585,30,4,23/11/06,,,,,,,,,,,,TÀI,,,
998,31,4,24/12/16,,,,,,,,,,,,,,,
199,33,1,22/06/07,23/05/25,23/06/03,,,,,,,23/10/05,,,,,,2023/10/5
197,34,1,22/06/07,23/04/14,23/04/21,,,,,,23/04/14,23/05/10,,,,,,2023/5/10
198,35,1,22/06/07,23/04/25,23/05/05,,,,,,22/07/28,23/05/10,,,,,,2023/5/10
303,36,1,22/10/01,22/11/30,22/12/15,,,,,,22/11/11,23/10/05,,,,,,2023/10/5
906,,5,25/07/07,,,,,,,,,,,,,,,
642,,5,24/05/08,24/07/25,26/03/20,,,,,,,26/02/03,,,,,,
474,37,4,23/08/17,23/08/24,23/09/07,,,,,,,23/12/01,,,,,,2023/12/1
932,65,5,25/08/19,,,,,,,,,,,,,,,
643,67,5,24/05/08,24/07/25,24/08/09,,,,,,,26/02/03,,,,,,
992,70,5,25/10/02,,,,,,,,,,,,,,,
990,71,5,25/10/02,,,,,,,,,,,,,,,
991,69,5,25/10/02,,,,,,,,,,,,,,,
1126,142,5,26/01/12,,,,,,,,,,,,,,,
1127,143,5,26/01/12,,,,,,,,,,,,,,,
488,18,4,23/08/28,23/08/31,23/09/29,,,,,,,23/10/05,,,,,,2023/10/5
1128,144,5,26/01/12,26/05/28,,,,,,,,,,,,,,
729,197,,24/11/03,25/01/24,25/02/12,,,,,,25/03/27,25/04/15,,,,,,
730,198,,24/11/03,24/12/20,25/01/06,,,,,,25/03/27,25/04/15,,,,,,
759,199,,25/01/15,,,,,,,,,20/01/01,,,Tân,,,金型移管完了　日程無
742,200,,24/12/03,24/12/25,25/01/06,,,,,,25/01/22,25/04/15,,,,,,
739,201,5,24/11/02,25/01/16,25/02/10,,,,,,25/03/27,25/04/15,,,,,,
740,202,5,24/11/02,25/01/16,25/02/10,,,,,,25/03/26,25/04/15,,,,,,
738,185,,24/11/02,25/03/11,25/03/21,,,,,,,26/02/25,,,Dương,,,
787,105,5,25/02/24,25/09/12,25/09/25,,,,,,,,,,,,TRUE,
156,41,1,21/12/27,22/02/23,22/02/26,,22/03/04,,,,,21/08/27,,,,,,2021/8/27
736,186,,24/11/02,24/12/13,24/12/25,,,,,,,26/02/03,,,Danh,,,
788,101,5,25/02/24,25/09/12,25/09/25,,,,,,,,,,,,TRUE,
157,42,1,21/12/27,22/02/22,22/02/26,,22/03/04,,,,,21/08/27,,,,,,2021/8/27
768,187,,25/01/15,25/03/11,25/03/21,,,,,,,26/02/03,,,Danh,,,
789,103,5,25/02/24,25/09/12,25/09/25,,,,,,,,,,,,TRUE,
166,43,1,22/01/17,22/02/17,22/02/26,,22/03/04,,,,,21/08/27,,,,,,2021/8/27
737,188,5,24/11/02,25/05/30,25/06/09,,,,,,,26/02/03,,,Dương,,,
790,102,5,25/02/24,25/08/12,25/08/15,,,,,,,,,,,,TRUE,
167,44,1,22/01/17,22/02/17,22/02/26,,22/03/04,,,,,21/08/27,,,,,,2021/8/27
757,189,,25/01/15,25/03/04,25/03/19,,,,,,,26/03/13,,,Dương,,,
791,104,5,25/02/24,,,,,,,,,,,,,,,
168,45,1,22/01/17,22/02/11,22/02/26,,22/03/04,,,,,21/08/27,,,,,,2021/8/27
778,190,,25/02/24,25/04/24,25/05/06,,,,,,,26/02/25,,,Tân,,,
792,106,5,25/02/24,,,,,,,,,,,,,,,
169,46,1,22/01/17,22/02/11,22/02/26,,22/03/04,,,,,21/08/27,,,,,,2021/8/27
1046,47,1,25/11/25,,,,,,,,,,,,,,,#N/A
155,48,1,21/12/27,22/01/18,22/01/26,,22/03/07,,,,22/03/08,22/05/12,,,,,,2022/5/12
153,25,1,21/12/27,22/03/07,,,,,,,,22/05/10,,,,,,2022/4/25
171,26,1,21/12/31,22/03/07,,,,,,,,22/05/10,,,,,,2022/5/10
999,54,5,25/10/15,25/11/05,25/11/10,,,,,,,,,,,,TRUE,
1000,55,5,25/10/15,,,,,,,,,,,,,,,
1038,56,5,25/12/19,26/01/28,26/02/09,,,,,,,,,,,,TRUE,
989,57,5,25/10/02,,,,,,,,,,,,,,,
1001,60,5,25/10/15,26/05/22,,,,,,,,,,,,,,
988,36,3,25/10/03,,,,,,,,,,,,,,,#N/A
993,37,3,25/10/03,,,,,,,,,,,,,,,#N/A
994,38,3,25/10/03,,,,,,,,,,,,,,,#N/A
507,34,4,23/08/28,23/09/19,23/09/26,,,,,,,23/10/24,,,,,,2023/10/24
504,35,4,23/08/30,23/09/14,23/09/29,,,,,,,23/10/24,,,,,,2023/10/24
501,36,4,23/08/29,23/09/23,23/10/06,,,,,,,23/10/24,,,,,,2023/10/24
295,11,2,22/09/07,22/09/20,22/09/23,,22/10/26,,,,,22/06/20,,,,,,2022/11/7
294,12,2,22/09/07,22/09/20,22/09/23,,22/10/26,,,,22/01/10,22/06/20,,,,,,2022/11/7
296,23,2,22/09/07,22/10/21,22/10/27,,,,,,,22/06/20,,,,,,2022/12/21
307,13,2,22/10/14,22/10/26,22/10/27,,,,,,22/01/27,22/06/20,,,,,,2022/12/21
326,24,2,22/11/21,22/12/14,,,,,,,,25/02/14,,,,,,#N/A
327,14,2,22/11/21,22/12/20,,,,,,,,23/10/05,,,,,,2023/10/5
306,25,2,22/10/14,22/11/05,22/11/25,,,,,,22/11/01,22/06/20,,,,,,2022/12/21
310,15,2,22/11/02,22/11/11,,,,,,,,22/06/20,,,,,,2022/12/21
314,26,2,22/11/02,23/04/10,23/04/21,,,,,,,24/02/01,,,,,,1899/12/30
317,16,2,22/11/02,22/11/22,22/11/25,,,,,,,22/06/20,,,,,,2022/12/21
432,78,2,23/05/22,23/11/02,23/11/06,,,,,,,24/02/01,,,,,,1899/12/30
658,78,5,24/07/09,25/12/12,25/12/29,,,,,,,,,,,,TRUE,
491,38,4,23/08/28,23/09/14,23/09/29,,,,,,,23/10/24,,,,,,2023/10/24
177,9,1,22/03/15,22/03/31,22/04/02,,22/05/19,,,,22/05/19,22/12/21,,,,,,2022/12/21
152,6,1,21/12/27,22/03/28,22/04/21,,22/05/16,,,,22/08/27,22/05/10,,,,,,2022/5/10
605,40,4,23/11/17,23/12/22,23/12/26,,,,,,24/05/07,26/03/04,,,,,,#N/A
170,10,1,22/01/17,22/10/06,22/10/21,,,,,,22/08/10,23/12/01,,,,,,2023/12/1
392,7,1,23/04/18,23/05/11,23/05/24,,,,,,23/05/31,23/09/22,,,,,,2023/9/22
179,8,1,22/03/15,,,,,,,,,,,,TÀI,,,1899/12/30
515,42,4,23/09/11,23/11/14,23/11/27,,,,,,,,,,,,TRUE,1899/12/30
498,43,4,23/08/29,23/09/23,23/10/06,,,,,,,23/10/05,,,,,,1899/12/30
490,41,4,23/08/28,23/10/02,23/10/06,,,,,,,23/10/05,,,,,,1899/12/30
142,11,1,21/12/01,22/04/04,22/04/21,,22/05/17,,,,22/08/31,22/05/10,,,,,,2022/5/10
172,12,1,22/02/23,23/08/07,23/08/14,,,,,,,23/09/22,,,,,,2023/9/22
489,44,4,23/08/28,23/09/07,23/09/29,,,,,,,23/12/01,,,,,,2023/12/1
512,45,4,23/09/11,,,,,,,,,,,,TÀI,,,1899/12/30
503,46,4,23/08/24,,,,,,,,,,,,TÀI,,,1899/12/30
180,2,1,22/03/15,23/12/11,23/12/25,,,,,,23/06/30,24/06/21,,,,,,1899/12/30
141,4,1,21/12/01,22/04/04,22/04/21,,22/05/16,,,,22/09/26,22/05/10,,,,,,2022/5/10
143,5,1,21/12/01,22/04/04,22/04/21,,22/05/16,,,,,22/05/10,,,,,,2022/5/10
1005,83,5,25/10/30,,,,,,,,,,,,,,,
151,13,1,21/12/27,22/04/04,22/04/21,,22/05/16,,,,,22/05/10,,,,,,2022/5/10
149,16,1,21/12/27,22/04/04,22/04/21,,22/05/16,,,,,22/05/10,,,,,,2021/9/25
150,14,1,21/12/27,22/04/04,22/04/21,,22/05/16,,,,22/09/06,22/05/10,,,,,,2022/5/10
160,17,1,22/01/17,23/03/24,23/04/01,,,,,,,23/12/01,,,,,,2023/12/1
318,15,1,22/11/14,23/09/21,23/09/29,,,,,,,23/10/05,,,,,,2023/10/5
1039,87,5,25/12/10,,,,,,,,,,,,,,,
793,84,5,25/02/24,,,,,,,,,,,,,,,
1040,88,5,25/12/10,,,,,,,,,,,,,,,
982,85,5,25/09/23,25/10/03,25/10/08,,,,,,,26/02/25,,,,,,
983,86,5,25/09/24,26/02/03,26/02/24,,,,,,26/03/04,26/04/06,,,,,,
623,47,4,24/04/12,24/05/02,24/05/14,,,,,,,25/08/19,,,,,,#N/A
984,89,5,25/09/24,,,,,,,,,,,,,,,
921,,5,,,,,,,,,,,,,,,,
922,,5,,,,,,,,,,,,,,,,
973,,5,25/09/16,,,,,,,,,,,,,,,
978,,5,25/10/24,25/11/10,25/11/12,,,,,,,,,,,,TRUE,
977,,5,25/10/24,25/11/10,25/11/13,,,,,,,,,,,,TRUE,
976,,5,25/10/24,25/11/10,25/11/13,,,,,,,,,,,,TRUE,
1045,,5,25/11/28,26/01/28,26/02/09,,,,,,,,,,,,TRUE,
979,,5,25/11/28,26/01/28,26/02/09,,,,,,,,,,,,TRUE,
1042,,5,25/11/28,,,,,,,,,,,,,,,
1043,,,25/11/28,26/04/14,26/04/24,,,,,,,,,,,,,
1044,,,25/11/28,26/04/14,26/04/24,,,,,,,20/01/01,,,,,,金型移管完了　日程無
1030,,,25/12/10,,,,,,,,,,,,,,,
1031,,,25/12/10,,,,,,,,,,,,,,,
975,,,25/12/10,,,,,,,,,,,,,,,
1037,,5,25/12/24,26/01/20,25/01/27,,26/03/24,,,,26/01/28,26/04/06,,,,,,
1052,,,26/01/05,,,,,,,,,,,,Tân,,,
1048,,5,26/01/05,26/03/05,26/03/20,,26/05/19,,,,26/03/11,,,,Tân,,TRUE,
1079,,,26/01/19,,,,,,,,,,,,,,,
1080,,5,26/01/19,26/03/05,26/03/09,,,,,,,,,,,,TRUE,
1081,,,26/01/19,26/02/09,26/02/26,,,,,,26/02/10,26/04/06,,,,,,
1074,,,26/01/19,,,,,,,,,,,,Tân,,,
1068,,,26/01/19,,,,,,,,,,,,Tân,,,
1072,,,26/01/19,26/05/22,,,,,,,,,,,Tân,,,
1107,,,26/02/09,,,,,,,,,,,,,,,
1106,,,26/02/09,,,,,,,,,,,,,,,
1102,,,26/02/09,,,,,,,,,,,,,,,
1105,,,26/02/09,,,,,,,,,,,,,,,
1103,,,26/02/09,,,,,,,,,,,,,,,
1104,,,26/02/09,,,,,,,,,,,,,,,
1109,,,26/02/27,26/05/28,,,,,,,,,,,,,,
1108,,,26/02/27,,,,,,,,,,,,,,,
1147,,5,26/04/22,,,,,,,,,,,,,,,
1148,,5,26/04/22,,,,,,,,,,,,,,,
1149,,5,26/04/22,26/06/02,,,,,,,,,,,,,,
1150,,5,26/04/22,26/06/02,,,,,,,,,,,,,,
1143,,,26/05/04,,,,,,,,,,,,,,,
1159,,,26/05/04,,,,,,,,,,,,,,,
974,,,26/05/15,26/05/26,,,,,,,,,,,,,,
1199,,,26/05/15,,,,,,,,,,,,,,,
1198,,,26/05/15,,,,,,,,,,,,,,,
178,1,1,22/03/15,22/04/21,22/04/27,,22/05/10,,,,22/05/05,22/12/22,,,,,,
379,2,1,23/03/16,23/04/20,23/05/05,,,,,,,23/05/25,,,,,,
622,3,1,24/04/02,24/05/06,24/05/10,,,,,,,26/02/03,,,,,,
175,4,1,22/02/23,23/07/03,23/08/03,,,,,,,23/10/05,,,,,,
176,5,1,22/02/23,23/07/03,23/08/03,,,,,,,23/10/05,,,,,,
196,6,1,22/06/07,23/05/25,23/06/03,,,,,,23/06/01,25/07/04,,,,,,
200,7,1,22/06/07,23/04/01,23/04/06,,,,,,,23/05/10,,,,,,
579,8,1,22/06/07,24/01/19,24/01/25,,,,,,,25/06/18,,,,,,
202,9,1,22/06/07,23/03/24,23/04/01,,,,,,22/07/28,23/05/10,,,,,,
174,10,1,22/02/23,23/06/29,23/07/07,,,,,,,23/10/05,,,,,,
173,11,1,22/02/23,23/06/29,23/07/07,,,,,,,23/10/05,,,,,,
433,12,2,23/05/22,23/10/26,23/11/06,,,,,,,26/02/03,,,,,,
570,13,4,23/11/01,24/05/02,24/05/14,,,,,,,26/01/09,,,,,,
355,14,1,23/01/10,,,,,,,,,,,,,,TRUE,
580,15,1,22/06/07,24/08/30,24/09/01,,,,,,,26/03/13,,,,,,
641,16,1,24/06/05,24/08/30,24/09/01,,,,,,,25/06/18,,,,,,
640,17,1,24/06/04,24/08/30,24/09/01,,,,,,,20/01/01,,,,,,金型移管完了　日程無
661,18,3,24/07/22,24/08/16,24/08/27,,,,,,,25/01/07,,,,,,
662,19,3,24/07/22,24/08/16,24/08/27,,,,,,,25/05/07,,,,,,
663,20,3,24/07/30,24/08/16,24/08/27,,,,,,,25/01/07,,,,,,
682,21,3,24/07/30,24/08/16,24/08/27,,,,,,,25/05/07,,,,,,
665,22,3,24/08/02,24/08/23,24/09/09,,,,,,24/12/06,25/06/18,,,,,,
667,23,3,24/08/02,24/08/23,24/09/09,,,,,,,26/01/23,,,,,,
669,24,3,24/08/02,24/08/23,24/09/09,,,,,,,26/01/23,,,,,,
671,25,3,24/08/02,24/08/23,24/09/09,,,,,,,26/01/23,,,,,,
673,26,3,24/08/02,24/08/23,24/09/09,,,,,,,25/06/18,,,,,,
675,27,3,24/08/02,24/08/23,24/09/09,,,,,,,25/06/18,,,,,,
677,28,3,24/08/02,24/08/30,24/09/01,,,,,,,25/06/18,,,,,,
679,29,3,24/08/02,24/08/30,24/09/01,,,,,,,26/02/03,,,,,,
681,30,3,24/08/02,24/08/30,24/09/01,,,,,,,25/06/18,,,,,,
743,31,4,24/11/19,,,,,,,,,,,,,,,
744,32,4,24/11/19,,,,,,,,,,,,,,,
769,33,,25/02/24,25/07/08,25/07/14,,,,,,25/07/01,25/10/02,,,,,,
858,34,2,25/05/21,26/04/17,26/04/24,,,,,,,20/01/01,,,,,,金型移管完了　日程無
860,35,2,25/05/21,26/05/04,26/05/07,,,,,,,20/01/01,,,,,,金型移管完了　日程無
775,36,2,25/03/11,25/03/28,25/04/04,,,,,,25/04/28,26/03/04,,,,,,
776,37,2,25/03/11,25/03/31,25/04/04,,,,,,25/04/22,26/03/02,,,,,,
852,38,2,25/05/19,25/07/01,25/07/04,,,,,,25/05/27,26/03/02,,,,,,
800,39,,25/03/10,26/03/12,26/04/13,,,,,,,20/01/01,,,,,,金型移管完了　日程無
894,40,,25/06/06,25/09/26,25/09/29,,,,,,26/08/15,25/10/21,,,,,,
1034,41,,25/12/12,26/02/10,26/03/05,,,,,,26/01/30,26/04/06,,,,,,
1035,42,,25/12/22,,,,,,,,,,,,,,,
1036,43,,25/12/22,26/01/08,26/01/16,,,,,,26/01/12,20/01/01,,,,,,金型移管完了　日程無
1082,44,,26/01/19,26/03/26,,,,,,,,26/05/07,,,,,,
1083,45,,26/01/19,26/05/22,,,,,,,,,,,,,,
1084,46,,26/01/19,,,,,,,,,,,,,,,
1100,47,,26/01/30,26/03/23,26/04/08,,,,,,,26/05/07,,,,,,
1157,48,,26/03/18,,,,,,,,,,,,,,,
1137,49,,26/03/30,,,,,,,,,,,,,,,
1138,50,,26/03/30,,,,,,,,,,,,,,,
1158,51,,26/05/04,,,,,,,,,,,,,,,
1200,52,,26/05/15,,,,,,,,,,,,,,,
362,1,1,23/02/18,,,,,,,,,23/05/25,,,,,,
382,2,1,23/08/04,,,,,,,,,23/08/04,,,,,,
363,3,1,23/02/17,23/04/17,23/04/25,,,,,,,23/05/25,,,,,,
380,4,1,23/03/17,,,,,,,,,,,,,,,
383,5,1,23/05/25,23/04/20,23/05/05,,,,,,,23/05/25,,,,,,
638,6,1,24/06/04,24/06/28,24/07/08,,,,,,,24/08/15,,,,,,
639,7,1,24/06/04,24/06/28,24/07/08,,,,,,,24/08/15,,,,,,
645,8,1,24/06/21,,,,,,,,,,,,,,,
997,9,1,24/11/19,,,,,,,,,,,,,,,
1008,10,1,24/11/19,,,,,,,,,,,,,,,
923,11,1,25/08/07,25/08/20,25/08/29,,,,,,,26/03/02,,,,,,
924,12,1,25/08/07,25/10/06,25/10/08,,,,,,,26/02/03,,,,,,
1049,13,1,26/01/05,26/01/19,26/01/22,,,,,,,26/04/06,,,,,,
1101,14,1,26/01/30,26/03/23,26/04/08,,,,,,,26/05/07,,,,,,
1098,15,1,26/02/03,26/03/20,26/04/08,,,,,,,26/05/07,,,,,,
1099,16,1,26/02/03,26/03/20,26/04/08,,,,,,,26/05/07,,,,,,
1113,17,1,26/03/05,,,,,,,,,,,,,,,
1114,18,1,26/03/05,,,,,,,,,,,,,,,
1111,19,1,26/03/05,,,,,,,,,,,,,,,
1112,20,1,26/03/05,,,,,,,,,,,,,,,
1116,21,1,26/03/10,26/03/26,26/04/10,,,,,,,26/05/07,,,,,,
1135,22,1,26/03/18,,,,,,,,,,,,,,,
1136,23,1,26/03/18,,,,,,,,,,,,,,,
1139,,1,26/03/30,,,,,,,,,,,,,,,
1145,,1,26/04/15,,,,,,,,,,,,,,,
1152,,,26/05/21,,,,,,,,,,,,,,,